"questionario_id","publico_alvo","coluna_excel","codigo_pergunta","num_pergunta","secao","eixo_codigo","eixo_nome","dimensao_codigo","dimensao_nome","texto_pergunta","resumo_texto","tipo_coluna","em_tabela_quantitativa"
"Q1","Discentes","ID","ID",NA,"Perfil / Demográfico","DEMO","Perfil do Respondente / Demografia","DEMO","Dados Demográficos","ID","ID","Demográfico",TRUE
"Q1","Discentes","Informe a categoria pela qual você está respondendo este questionário, considerando sua vinculação com a Unioeste.","Informe a categoria pela qual você está respondendo este questionário, considerando sua vinculação com a Unioeste.",NA,"Perfil / Demográfico","DEMO","Perfil do Respondente / Demografia","DEMO","Dados Demográficos","Informe a categoria pela qual você está respondendo este questionário, considerando sua vinculação com a Unioeste.","Informe a categoria pela qual você está respondendo este questionário, considerando sua vinculação com a Unioeste.","Demográfico",TRUE
"Q1","Discentes","Campus / Unidade ","Campus / Unidade ",NA,"Perfil / Demográfico","DEMO","Perfil do Respondente / Demografia","DEMO","Dados Demográficos","Campus / Unidade ","Campus / Unidade ","Demográfico",TRUE
"Q1","Discentes","Curso","Curso",NA,"Perfil / Demográfico","DEMO","Perfil do Respondente / Demografia","DEMO","Dados Demográficos","Curso","Curso","Demográfico",TRUE
"Q1","Discentes","E1D8P8","E1D8P8",8,"Eixo 1","E1","EIXO 1 – PLANEJAMENTO E AVALIAÇÃO INSTITUCIONAL","D8","Dimensão 8: Planejamento e Avaliação","O planejamento e a avaliação, especialmente em relação aos processos, resultados e eficácia da autoavaliação institucional da UNIOESTE estão coerentes com o especificado no planejamento institucional (PDI).","O planejamento e a avaliação, especialmente em relação aos processos, resultados e eficácia da autoavaliação institucional da UNIOESTE estão...","Likert",TRUE
"Q1","Discentes","E1D8P9","E1D8P9",9,"Eixo 1","E1","EIXO 1 – PLANEJAMENTO E AVALIAÇÃO INSTITUCIONAL","D8","Dimensão 8: Planejamento e Avaliação","A Comissão Própria de Avaliação (CPA) está implantada e funciona, há efetiva participação da comunidade interna (professores, estudantes e técnico-administrativos) e externa nos processos de autoavaliação institucional.","A Comissão Própria de Avaliação está implantada e funciona, há efetiva participação da comunidade interna e externa nos processos de autoavaliação...","Likert",TRUE
"Q1","Discentes","E1D8P10","E1D8P10",10,"Eixo 1","E1","EIXO 1 – PLANEJAMENTO E AVALIAÇÃO INSTITUCIONAL","D8","Dimensão 8: Planejamento e Avaliação","A Comissão Própria de Avaliação (CPA) divulga as análises, os resultados das avaliações, e as informações correspondentes estão acessíveis à comunidade acadêmica.","A Comissão Própria de Avaliação divulga as análises, os resultados das avaliações, e as informações correspondentes estão acessíveis à comunidade...","Likert",TRUE
"Q1","Discentes","E1D8P11","E1D8P11",11,"Eixo 1","E1","EIXO 1 – PLANEJAMENTO E AVALIAÇÃO INSTITUCIONAL","D8","Dimensão 8: Planejamento e Avaliação","A UNIOESTE implementa ações acadêmico administrativas baseadas nos resultados da autoavaliação e das avaliações externas.","A UNIOESTE implementa ações acadêmico administrativas baseadas nos resultados da autoavaliação e das avaliações externas.","Likert",TRUE
"Q1","Discentes","E1D8P12","E1D8P12",12,"Eixo 1","E1","EIXO 1 – PLANEJAMENTO E AVALIAÇÃO INSTITUCIONAL","D8","Dimensão 8: Planejamento e Avaliação","A instituição executa ações de planejamento com base nos resultados dos processos internos (Diagnóstico  Avaliativo da CPA e de outros documentos oficiais, e externos (ENADE, Índice Geral de Cursos (IGC), Comissão Especial de Avaliação (CEA)).","A instituição executa ações de planejamento com base nos resultados dos processos internos, Comissão Especial de Avaliação).","Likert",TRUE
"Q1","Discentes","E1D8P13","E1D8P13",13,"Eixo 1","E1","EIXO 1 – PLANEJAMENTO E AVALIAÇÃO INSTITUCIONAL","D8","Dimensão 8: Planejamento e Avaliação","A Avaliação institucional no âmbito dos SINAES (ENADE, Índice Geral de Cursos (IGC), Comissão Especial de Avaliação (CEA) está sendo fundamental para a melhoria da qualidade dos cursos da UNIOESTE, pois possibilita reflexão sobre a Universidade e sobre as ações dos membros que compõem a comunidade acadêmica (alunos, docentes, agentes universitários e colaboradores).","A Avaliação institucional no âmbito dos SINAES, Comissão Especial de Avaliação está sendo fundamental para a melhoria da qualidade dos cursos da...","Likert",TRUE
"Q1","Discentes","E2D1P15","E2D1P15",15,"Eixo 2","E2","EIXO 2 – DESENVOLVIMENTO INSTITUCIONAL","D1","Dimensão 1: Missão e Plano de Desenvolvimento Institucional (PDI)","As propostas constantes do planejamento institucional (PDI) estão sendo implementadas de acordo com as funções, os órgãos e os sistemas de gestão.","As propostas constantes do planejamento institucional estão sendo implementadas de acordo com as funções, os órgãos e os sistemas de gestão.","Likert",TRUE
"Q1","Discentes","E2D1P16","E2D1P16",16,"Eixo 2","E2","EIXO 2 – DESENVOLVIMENTO INSTITUCIONAL","D1","Dimensão 1: Missão e Plano de Desenvolvimento Institucional (PDI)","As propostas constantes do planejamento institucional (PDI) estão sendo implementadas de acordo com as demandas de ações dos cursos.","As propostas constantes do planejamento institucional estão sendo implementadas de acordo com as demandas de ações dos cursos.","Likert",TRUE
"Q1","Discentes","E2D1P17","E2D1P17",17,"Eixo 2","E2","EIXO 2 – DESENVOLVIMENTO INSTITUCIONAL","D1","Dimensão 1: Missão e Plano de Desenvolvimento Institucional (PDI)","A Unioeste deveria ofertar novos cursos de graduação.","A Unioeste deveria ofertar novos cursos de graduação.","Likert",TRUE
"Q1","Discentes","E2D1P18","E2D1P18",18,"Eixo 2","E2","EIXO 2 – DESENVOLVIMENTO INSTITUCIONAL","D1","Dimensão 1: Missão e Plano de Desenvolvimento Institucional (PDI)","A Unioeste deveria ofertar novos cursos de pós-graduação.","A Unioeste deveria ofertar novos cursos de pós-graduação.","Likert",TRUE
"Q1","Discentes","E2D3P20","E2D3P20",20,"Eixo 2","E2","EIXO 2 – DESENVOLVIMENTO INSTITUCIONAL","D3","Dimensão 3: Responsabilidade Social da Instituição","A Missão da UNIOESTE como instituição pública multicampi (de produzir, sistematizar e socializar o conhecimento, contribuir com o desenvolvimento humano, científico, tecnológico e regional, e comprometer-se com a justiça, a democracia, a cidadania e a responsabilidade social) está sendo cumprida.","A Missão da UNIOESTE como instituição pública multicampi está sendo cumprida.","Likert",TRUE
"Q1","Discentes","E2D3P21","E2D3P21",21,"Eixo 2","E2","EIXO 2 – DESENVOLVIMENTO INSTITUCIONAL","D3","Dimensão 3: Responsabilidade Social da Instituição","A Visão da Universidade de ser referência como universidade pública na produção e socialização do conhecimento, comprometida com a formação de profissionais para atuar com base em princípios éticos para o exercício da cidadania, está sendo alcançada.","A Visão da Universidade de ser referência como universidade pública na produção e socialização do conhecimento, comprometida com a formação de...","Likert",TRUE
"Q1","Discentes","E2D3P22","E2D3P22",22,"Eixo 2","E2","EIXO 2 – DESENVOLVIMENTO INSTITUCIONAL","D3","Dimensão 3: Responsabilidade Social da Instituição","As ações de responsabilidade e inclusão social praticadas pela UNIOESTE estão coerentes com o planejamento (PDI) e executado nos documentos oficiais.","As ações de responsabilidade e inclusão social praticadas pela UNIOESTE estão coerentes com o planejamento e executado nos documentos oficiais.","Likert",TRUE
"Q1","Discentes","E2D3P23","E2D3P23",23,"Eixo 2","E2","EIXO 2 – DESENVOLVIMENTO INSTITUCIONAL","D3","Dimensão 3: Responsabilidade Social da Instituição","As relações da UNIOESTE com os setores da sociedade, incluindo ações para o desenvolvimento socioeconômico e educacional, estão sendo implantadas e acompanhadas.","As relações da UNIOESTE com os setores da sociedade, incluindo ações para o desenvolvimento socioeconômico e educacional, estão sendo implantadas...","Likert",TRUE
"Q1","Discentes","E2D3P24","E2D3P24",24,"Eixo 2","E2","EIXO 2 – DESENVOLVIMENTO INSTITUCIONAL","D3","Dimensão 3: Responsabilidade Social da Instituição","As ações da UNIOESTE, com vistas à inclusão social, resultam de diretrizes institucionais (PDI) e estão sendo implantadas e acompanhadas.","As ações da UNIOESTE, com vistas à inclusão social, resultam de diretrizes institucionais e estão sendo implantadas e acompanhadas.","Likert",TRUE
"Q1","Discentes","E2D3P25","E2D3P25",25,"Eixo 2","E2","EIXO 2 – DESENVOLVIMENTO INSTITUCIONAL","D3","Dimensão 3: Responsabilidade Social da Instituição","As ações da UNIOESTE, com vistas à defesa do meio ambiente, do patrimônio cultural e da produção artística, resultam de diretrizes institucionais (PDI) e estão sendo implantadas e acompanhadas.","As ações da UNIOESTE, com vistas à defesa do meio ambiente, do patrimônio cultural e da produção artística, resultam de diretrizes institucionais...","Likert",TRUE
"Q1","Discentes","E3D2P27","E3D2P27",27,"Eixo 3","E3","EIXO 3 – POLÍTICAS ACADÊMICAS","D2","Dimensão 2: Políticas para o Ensino, a Pesquisa e a Extensão","As políticas de ensino, pesquisa e extensão praticadas pela UNIOESTE estão coerentes com o plano de desenvolvimento institucional (PDI).","As políticas de ensino, pesquisa e extensão praticadas pela UNIOESTE estão coerentes com o plano de desenvolvimento institucional.","Likert",TRUE
"Q1","Discentes","E3D2P28","E3D2P28",28,"Eixo 3","E3","EIXO 3 – POLÍTICAS ACADÊMICAS","D2","Dimensão 2: Políticas para o Ensino, a Pesquisa e a Extensão","As atividades realizadas nos cursos de graduação na modalidade PRESENCIAL, garantem a qualidade desses cursos.","As atividades realizadas nos cursos de graduação na modalidade PRESENCIAL, garantem a qualidade desses cursos.","Likert",TRUE
"Q1","Discentes","E3D2P29","E3D2P29",29,"Eixo 3","E3","EIXO 3 – POLÍTICAS ACADÊMICAS","D2","Dimensão 2: Políticas para o Ensino, a Pesquisa e a Extensão","As atividades planejadas e realizadas nos cursos PRESENCIAIS de pós-graduação (lato sensu e stricto sensu) garantem a qualidade desses cursos.","As atividades planejadas e realizadas nos cursos PRESENCIAIS de pós-graduação garantem a qualidade desses cursos.","Likert",TRUE
"Q1","Discentes","E3D2P30","E3D2P30",30,"Eixo 3","E3","EIXO 3 – POLÍTICAS ACADÊMICAS","D2","Dimensão 2: Políticas para o Ensino, a Pesquisa e a Extensão","As atividades de pesquisa e de iniciação científica implantadas são acompanhadas, com participação de professores e de estudantes.","As atividades de pesquisa e de iniciação científica implantadas são acompanhadas, com participação de professores e de estudantes.","Likert",TRUE
"Q1","Discentes","E3D2P31","E3D2P31",31,"Eixo 3","E3","EIXO 3 – POLÍTICAS ACADÊMICAS","D2","Dimensão 2: Políticas para o Ensino, a Pesquisa e a Extensão","As atividades de extensão implantadas são acompanhadas com participação de professores e de estudantes.","As atividades de extensão implantadas são acompanhadas com participação de professores e de estudantes.","Likert",TRUE
"Q1","Discentes","E3D2P32","E3D2P32",32,"Eixo 3","E3","EIXO 3 – POLÍTICAS ACADÊMICAS","D2","Dimensão 2: Políticas para o Ensino, a Pesquisa e a Extensão","As atividades de extensão possuem relevância acadêmica, científica e social no entorno institucional, e estão vinculadas com a formação acadêmica dos alunos.","As atividades de extensão possuem relevância acadêmica, científica e social no entorno institucional, e estão vinculadas com a formação acadêmica...","Likert",TRUE
"Q1","Discentes","E3D2P33","E3D2P33",33,"Eixo 3","E3","EIXO 3 – POLÍTICAS ACADÊMICAS","D2","Dimensão 2: Políticas para o Ensino, a Pesquisa e a Extensão","A oferta de bolsas para produção acadêmica (de iniciação científica, de extensão e de monitoria) está de acordo com a demanda dos cursos.","A oferta de bolsas para produção acadêmica está de acordo com a demanda dos cursos.","Likert",TRUE
"Q1","Discentes","E3D2P34","E3D2P34",34,"Eixo 3","E3","EIXO 3 – POLÍTICAS ACADÊMICAS","D2","Dimensão 2: Políticas para o Ensino, a Pesquisa e a Extensão","As políticas institucionais do ensino de graduação possibilitam práticas pedagógicas que consideram os referenciais mínimos de qualidade.","As políticas institucionais do ensino de graduação possibilitam práticas pedagógicas que consideram os referenciais mínimos de qualidade.","Likert",TRUE
"Q1","Discentes","E3D2P35","E3D2P35",35,"Eixo 3","E3","EIXO 3 – POLÍTICAS ACADÊMICAS","D2","Dimensão 2: Políticas para o Ensino, a Pesquisa e a Extensão","A Unioeste promove ações efetivas para a formação docente em termos de qualidade e quantidade","A Unioeste promove ações efetivas para a formação docente em termos de qualidade e quantidade","Likert",TRUE
"Q1","Discentes","E3D2P36","E3D2P36",36,"Eixo 3","E3","EIXO 3 – POLÍTICAS ACADÊMICAS","D2","Dimensão 2: Políticas para o Ensino, a Pesquisa e a Extensão","A Unioeste promove ações de incentivo à internacionalização e à inserção de novas tecnologias no ensino","A Unioeste promove ações de incentivo à internacionalização e à inserção de novas tecnologias no ensino","Likert",TRUE
"Q1","Discentes","E3D2P37","E3D2P37",37,"Eixo 3","E3","EIXO 3 – POLÍTICAS ACADÊMICAS","D2","Dimensão 2: Políticas para o Ensino, a Pesquisa e a Extensão","A estrutura curricular possibilita a flexibilidade acadêmica e a interdisciplinaridade.","A estrutura curricular possibilita a flexibilidade acadêmica e a interdisciplinaridade.","Likert",TRUE
"Q1","Discentes","E3D2P39","E3D2P39",39,"Eixo 3","E3","EIXO 3 – POLÍTICAS ACADÊMICAS","D2","Dimensão 2: Políticas para o Ensino, a Pesquisa e a Extensão","Há oportunidades para a participação de estudantes em projetos de iniciação científica.","Há oportunidades para a participação de estudantes em projetos de iniciação científica.","Likert",TRUE
"Q1","Discentes","E3D2P40","E3D2P40",40,"Eixo 3","E3","EIXO 3 – POLÍTICAS ACADÊMICAS","D2","Dimensão 2: Políticas para o Ensino, a Pesquisa e a Extensão","A divulgação dos editais de iniciação científica é amplamente realizada, com informações claras e prazos adequados para que os estudantes possam participar dos projetos.","A divulgação dos editais de iniciação científica é amplamente realizada, com informações claras e prazos adequados para que os estudantes possam...","Likert",TRUE
"Q1","Discentes","E3D2P41","E3D2P41",41,"Eixo 3","E3","EIXO 3 – POLÍTICAS ACADÊMICAS","D2","Dimensão 2: Políticas para o Ensino, a Pesquisa e a Extensão","Existe articulação entre a pesquisa desenvolvida na instituição e os problemas regionais e nacionais.","Existe articulação entre a pesquisa desenvolvida na instituição e os problemas regionais e nacionais.","Likert",TRUE
"Q1","Discentes","E3D2P43","E3D2P43",43,"Eixo 3","E3","EIXO 3 – POLÍTICAS ACADÊMICAS","D2","Dimensão 2: Políticas para o Ensino, a Pesquisa e a Extensão","O apoio institucional para a realização de projetos de extensão é adequado.","O apoio institucional para a realização de projetos de extensão é adequado.","Likert",TRUE
"Q1","Discentes","E3D2P44","E3D2P44",44,"Eixo 3","E3","EIXO 3 – POLÍTICAS ACADÊMICAS","D2","Dimensão 2: Políticas para o Ensino, a Pesquisa e a Extensão","As atividades de extensão são planejadas considerando as demandas sociais e resultam em ações concretas para a comunidade interna e externa.","As atividades de extensão são planejadas considerando as demandas sociais e resultam em ações concretas para a comunidade interna e externa.","Likert",TRUE
"Q1","Discentes","E3D2P45","E3D2P45",45,"Eixo 3","E3","EIXO 3 – POLÍTICAS ACADÊMICAS","D2","Dimensão 2: Políticas para o Ensino, a Pesquisa e a Extensão","A extensão universitária é reconhecida como parte integrante da formação acadêmica e cidadã.","A extensão universitária é reconhecida como parte integrante da formação acadêmica e cidadã.","Likert",TRUE
"Q1","Discentes","E3D2P46","E3D2P46",46,"Eixo 3","E3","EIXO 3 – POLÍTICAS ACADÊMICAS","D2","Dimensão 2: Políticas para o Ensino, a Pesquisa e a Extensão","Existe integração entre extensão, ensino e pesquisa nas práticas institucionais.","Existe integração entre extensão, ensino e pesquisa nas práticas institucionais.","Likert",TRUE
"Q1","Discentes","E3D2P47","E3D2P47",47,"Eixo 3","E3","EIXO 3 – POLÍTICAS ACADÊMICAS","D2","Dimensão 2: Políticas para o Ensino, a Pesquisa e a Extensão","A instituição incentiva a participação dos estudantes em atividades de extensão extracurriculares","A instituição incentiva a participação dos estudantes em atividades de extensão extracurriculares","Likert",TRUE
"Q1","Discentes","E3D4P49","E3D4P49",49,"Eixo 3","E3","EIXO 3 – POLÍTICAS ACADÊMICAS","D4","Dimensão 4: Comunicação com a Sociedade","As ações de comunicação com a sociedade praticadas pela UNIOESTE estão coerentes com o plano de desenvolvimento institucional (PDI).","As ações de comunicação com a sociedade praticadas pela UNIOESTE estão coerentes com o plano de desenvolvimento institucional.","Likert",TRUE
"Q1","Discentes","E3D4P50","E3D4P50",50,"Eixo 3","E3","EIXO 3 – POLÍTICAS ACADÊMICAS","D4","Dimensão 4: Comunicação com a Sociedade","A comunicação institucional é acessível às comunidades interna e externa e possibilitam a divulgação das ações da UNIOESTE.","A comunicação institucional é acessível às comunidades interna e externa e possibilitam a divulgação das ações da UNIOESTE.","Likert",TRUE
"Q1","Discentes","E3D4P51","E3D4P51",51,"Eixo 3","E3","EIXO 3 – POLÍTICAS ACADÊMICAS","D4","Dimensão 4: Comunicação com a Sociedade","A ouvidoria institucional atende adequadamente às demandas recebidas.","A ouvidoria institucional atende adequadamente às demandas recebidas.","Likert",TRUE
"Q1","Discentes","E3D4P52","E3D4P52",52,"Eixo 3","E3","EIXO 3 – POLÍTICAS ACADÊMICAS","D4","Dimensão 4: Comunicação com a Sociedade","As instâncias acadêmicas e administrativas fazem os devidos encaminhamentos das demandas recebidas da Ouvidoria Institucional.","As instâncias acadêmicas e administrativas fazem os devidos encaminhamentos das demandas recebidas da Ouvidoria Institucional.","Likert",TRUE
"Q1","Discentes","E3D4P53","E3D4P53",53,"Eixo 3","E3","EIXO 3 – POLÍTICAS ACADÊMICAS","D4","Dimensão 4: Comunicação com a Sociedade","Os canais de comunicação institucionais permitem o diálogo e a escuta das demandas da comunidade externa (sociedade).","Os canais de comunicação institucionais permitem o diálogo e a escuta das demandas da comunidade externa.","Likert",TRUE
"Q1","Discentes","E3D4P54","E3D4P54",54,"Eixo 3","E3","EIXO 3 – POLÍTICAS ACADÊMICAS","D4","Dimensão 4: Comunicação com a Sociedade","A Unioeste promove eventos e atividades de integração com a comunidade externa.","A Unioeste promove eventos e atividades de integração com a comunidade externa.","Likert",TRUE
"Q1","Discentes","E3D4P55","E3D4P55",55,"Eixo 3","E3","EIXO 3 – POLÍTICAS ACADÊMICAS","D4","Dimensão 4: Comunicação com a Sociedade","Os resultados das ações de ensino, pesquisa e extensão são compartilhados com a comunidade externa.","Os resultados das ações de ensino, pesquisa e extensão são compartilhados com a comunidade externa.","Likert",TRUE
"Q1","Discentes","E3D4P56","E3D4P56",56,"Eixo 3","E3","EIXO 3 – POLÍTICAS ACADÊMICAS","D4","Dimensão 4: Comunicação com a Sociedade","A instituição utiliza, de forma eficiente, as mídias digitais e redes sociais para divulgar suas ações para a comunidade externa.","A instituição utiliza, de forma eficiente, as mídias digitais e redes sociais para divulgar suas ações para a comunidade externa.","Likert",TRUE
"Q1","Discentes","E3D4P57","E3D4P57",57,"Eixo 3","E3","EIXO 3 – POLÍTICAS ACADÊMICAS","D4","Dimensão 4: Comunicação com a Sociedade","A imagem da Unioeste é divulgada de forma ética e coerente, alinhada com a missão institucional.","A imagem da Unioeste é divulgada de forma ética e coerente, alinhada com a missão institucional.","Likert",TRUE
"Q1","Discentes","E3D9P59","E3D9P59",59,"Eixo 3","E3","EIXO 3 – POLÍTICAS ACADÊMICAS","D9","Dimensão 9: Atendimento ao Estudante","As políticas de atendimento aos discentes da UNIOESTE estão coerentes com as especificadas no plano de desenvolvimento institucional (PDI).","As políticas de atendimento aos discentes da UNIOESTE estão coerentes com as especificadas no plano de desenvolvimento institucional.","Likert",TRUE
"Q1","Discentes","E3D9P60","E3D9P60",60,"Eixo 3","E3","EIXO 3 – POLÍTICAS ACADÊMICAS","D9","Dimensão 9: Atendimento ao Estudante","Há apoio pedagógico aos discentes, para a realização de ensino, pesquisa extensão e divulgação da sua produção.","Há apoio pedagógico aos discentes, para a realização de ensino, pesquisa extensão e divulgação da sua produção.","Likert",TRUE
"Q1","Discentes","E3D9P61","E3D9P61",61,"Eixo 3","E3","EIXO 3 – POLÍTICAS ACADÊMICAS","D9","Dimensão 9: Atendimento ao Estudante","Em relação às Condições institucionais de atendimento ao discente, se verifica a adequação das políticas de acesso, seleção e permanência de estudantes (critérios utilizados, acompanhamento pedagógico, espaço de participação e de convivência) praticadas pela UNIOESTE e há relação com as políticas públicas e com o contexto social.","Em relação às Condições institucionais de atendimento ao discente, se verifica a adequação das políticas de acesso, seleção e permanência de...","Likert",TRUE
"Q1","Discentes","E3D9P62","E3D9P62",62,"Eixo 3","E3","EIXO 3 – POLÍTICAS ACADÊMICAS","D9","Dimensão 9: Atendimento ao Estudante","A UNIOESTE desenvolve estratégias para acompanhar os egressos e seus empregadores à permanente atualização profissional, melhoria curricular, de formação profissional, ou cursos de pós-graduação (entre outros) que visem o aumento de empregabilidade e salários dos ex-alunos.","A UNIOESTE desenvolve estratégias para acompanhar os egressos e seus empregadores à permanente atualização profissional, melhoria curricular, de...","Likert",TRUE
"Q1","Discentes","E3D9P63","E3D9P63",63,"Eixo 3","E3","EIXO 3 – POLÍTICAS ACADÊMICAS","D9","Dimensão 9: Atendimento ao Estudante","A instituição oferece suporte aos estudantes em situações de vulnerabilidade social, (expostos a riscos e dificuldades sociais em relação à alimentação, transporte, moradia, entre outros).","A instituição oferece suporte aos estudantes em situações de vulnerabilidade social,.","Likert",TRUE
"Q1","Discentes","E3D9P64","E3D9P64",64,"Eixo 3","E3","EIXO 3 – POLÍTICAS ACADÊMICAS","D9","Dimensão 9: Atendimento ao Estudante","Há acompanhamento institucional aos estudantes com baixo desempenho ou dificuldades de aprendizagem.","Há acompanhamento institucional aos estudantes com baixo desempenho ou dificuldades de aprendizagem.","Likert",TRUE
"Q1","Discentes","E3D9P65","E3D9P65",65,"Eixo 3","E3","EIXO 3 – POLÍTICAS ACADÊMICAS","D9","Dimensão 9: Atendimento ao Estudante","O serviço de apoio psicológico, é efetivamente divulgado aos discentes.","O serviço de apoio psicológico, é efetivamente divulgado aos discentes.","Likert",TRUE
"Q1","Discentes","E3D9P66","E3D9P66",66,"Eixo 3","E3","EIXO 3 – POLÍTICAS ACADÊMICAS","D9","Dimensão 9: Atendimento ao Estudante","Há canais de escuta e acolhimento acessíveis aos estudantes para que possam relatar suas dificuldades.","Há canais de escuta e acolhimento acessíveis aos estudantes para que possam relatar suas dificuldades.","Likert",TRUE
"Q1","Discentes","E3D9P67","E3D9P67",67,"Eixo 3","E3","EIXO 3 – POLÍTICAS ACADÊMICAS","D9","Dimensão 9: Atendimento ao Estudante","Os estudantes são orientados sobre normas, regulamentos e trâmites acadêmicos desde seu ingresso.","Os estudantes são orientados sobre normas, regulamentos e trâmites acadêmicos desde seu ingresso.","Likert",TRUE
"Q1","Discentes","E3D9P68","E3D9P68",68,"Eixo 3","E3","EIXO 3 – POLÍTICAS ACADÊMICAS","D9","Dimensão 9: Atendimento ao Estudante","As coordenações de curso estão disponíveis para atender às demandas acadêmicas dos estudantes.","As coordenações de curso estão disponíveis para atender às demandas acadêmicas dos estudantes.","Likert",TRUE
"Q1","Discentes","E3D9P69","E3D9P69",69,"Eixo 3","E3","EIXO 3 – POLÍTICAS ACADÊMICAS","D9","Dimensão 9: Atendimento ao Estudante","Os setores administrativos prestam atendimento eficiente e respeitoso aos alunos.","Os setores administrativos prestam atendimento eficiente e respeitoso aos alunos.","Likert",TRUE
"Q1","Discentes","E4D5P71","E4D5P71",71,"Eixo 4","E4","EIXO 4 – POLÍTICAS DE GESTÃO","D5","Dimensão 5: Políticas de Pessoal","As informações institucionais são de fácil acesso para a comunidade acadêmica.","As informações institucionais são de fácil acesso para a comunidade acadêmica.","Likert",TRUE
"Q1","Discentes","E4D6P73","E4D6P73",73,"Eixo 4","E4","EIXO 4 – POLÍTICAS DE GESTÃO","D6","Dimensão 6: Organização e Gestão da Instituição","A organização e a gestão da instituição, especialmente o funcionamento e representatividade dos colegiados, sua independência e autonomia na relação com a mantenedora (SETI), e a participação dos segmentos da comunidade universitária nos processos decisórios estão coerentes com o plano de desenvolvimento institucional (PDI).","A organização e a gestão da instituição, especialmente o funcionamento e representatividade dos colegiados, sua independência e autonomia na...","Likert",TRUE
"Q1","Discentes","E4D6P74","E4D6P74",74,"Eixo 4","E4","EIXO 4 – POLÍTICAS DE GESTÃO","D6","Dimensão 6: Organização e Gestão da Instituição","A gestão institucional está alinhada às diretrizes e ações previstas no Plano de Desenvolvimento Institucional (PDI).","A gestão institucional está alinhada às diretrizes e ações previstas no Plano de Desenvolvimento Institucional.","Likert",TRUE
"Q1","Discentes","E4D6P75","E4D6P75",75,"Eixo 4","E4","EIXO 4 – POLÍTICAS DE GESTÃO","D6","Dimensão 6: Organização e Gestão da Instituição","Os representantes dos Conselhos Superiores cumprem os dispositivos regimentais e estatutários.","Os representantes dos Conselhos Superiores cumprem os dispositivos regimentais e estatutários.","Likert",TRUE
"Q1","Discentes","E4D6P76","E4D6P76",76,"Eixo 4","E4","EIXO 4 – POLÍTICAS DE GESTÃO","D6","Dimensão 6: Organização e Gestão da Instituição","O funcionamento e a representatividade nos colegiados de curso, cumprem os dispositivos regimentais e estatutários.","O funcionamento e a representatividade nos colegiados de curso, cumprem os dispositivos regimentais e estatutários.","Likert",TRUE
"Q1","Discentes","E4D10P78","E4D10P78",78,"Eixo 4","E4","EIXO 4 – POLÍTICAS DE GESTÃO","D10","Dimensão 10: Sustentabilidade Financeira","A sustentabilidade financeira da UNIOESTE está coerente com o estabelecido no Plano de Desenvolvimento Institucional (PDI).","A sustentabilidade financeira da UNIOESTE está coerente com o estabelecido no Plano de Desenvolvimento Institucional.","Likert",TRUE
"Q1","Discentes","E4D10P79","E4D10P79",79,"Eixo 4","E4","EIXO 4 – POLÍTICAS DE GESTÃO","D10","Dimensão 10: Sustentabilidade Financeira","A instituição busca alternativas de captação de recursos (editais, parcerias, convênios).","A instituição busca alternativas de captação de recursos.","Likert",TRUE
"Q1","Discentes","E4D10P80","E4D10P80",80,"Eixo 4","E4","EIXO 4 – POLÍTICAS DE GESTÃO","D10","Dimensão 10: Sustentabilidade Financeira","A instituição divulga as alternativas de captação de recursos (editais, parcerias, convênios).","A instituição divulga as alternativas de captação de recursos.","Likert",TRUE
"Q1","Discentes","E4D10P81","E4D10P81",81,"Eixo 4","E4","EIXO 4 – POLÍTICAS DE GESTÃO","D10","Dimensão 10: Sustentabilidade Financeira","A gestão orçamentária das Unidades gestoras (Reitoria, Campi - centros e cursos e HUOP)  contribui para a manutenção e melhoria da infraestrutura física e tecnológica.","A gestão orçamentária das Unidades gestoras contribui para a manutenção e melhoria da infraestrutura física e tecnológica.","Likert",TRUE
"Q1","Discentes","E4D10P82","E4D10P82",82,"Eixo 4","E4","EIXO 4 – POLÍTICAS DE GESTÃO","D10","Dimensão 10: Sustentabilidade Financeira","Os recursos financeiros disponíveis são utilizados de forma eficiente para atender as demandas das Unidades gestoras (Reitoria, Campi – centros, cursos e HUOP) no âmbito do ensino, da pesquisa e da extensão","Os recursos financeiros disponíveis são utilizados de forma eficiente para atender as demandas das Unidades gestoras no âmbito do ensino, da...","Likert",TRUE
"Q1","Discentes","E4D10P83","E4D10P83",83,"Eixo 4","E4","EIXO 4 – POLÍTICAS DE GESTÃO","D10","Dimensão 10: Sustentabilidade Financeira","Existe equilíbrio entre os recursos disponíveis e as metas institucionais estabelecidas no Plano de Desenvolvimento Institucional (PDI).","Existe equilíbrio entre os recursos disponíveis e as metas institucionais estabelecidas no Plano de Desenvolvimento Institucional.","Likert",TRUE
"Q1","Discentes","E4D10P84","E4D10P84",84,"Eixo 4","E4","EIXO 4 – POLÍTICAS DE GESTÃO","D10","Dimensão 10: Sustentabilidade Financeira","As atividades de ensino, pesquisa e extensão recebem apoio financeiro para sua realização.","As atividades de ensino, pesquisa e extensão recebem apoio financeiro para sua realização.","Likert",TRUE
"Q1","Discentes","E5D7P86","E5D7P86",86,"Eixo 5","E5","EIXO 5 – INFRAESTRUTURA FÍSICA","D7","Dimensão 7: Infraestrutura Física","A infraestrutura física da UNIOESTE de ensino, pesquisa e extensão está coerente com o estabelecido no Plano de Desenvolvimento Institucional (PDI).","A infraestrutura física da UNIOESTE de ensino, pesquisa e extensão está coerente com o estabelecido no Plano de Desenvolvimento Institucional.","Likert",TRUE
"Q1","Discentes","E5D7P87","E5D7P87",87,"Eixo 5","E5","EIXO 5 – INFRAESTRUTURA FÍSICA","D7","Dimensão 7: Infraestrutura Física","As instalações gerais para a prática de esportes, atividades culturais e de lazer, espaços de convivência existem em quantidade e qualidade adequadas.","As instalações gerais para a prática de esportes, atividades culturais e de lazer, espaços de convivência existem em quantidade e qualidade adequadas.","Likert",TRUE
"Q1","Discentes","E5D7P88","E5D7P88",88,"Eixo 5","E5","EIXO 5 – INFRAESTRUTURA FÍSICA","D7","Dimensão 7: Infraestrutura Física","Os auditórios da instituição são adequados em quantidade e qualidade para atender às demandas de eventos acadêmicos e institucionais.","Os auditórios da instituição são adequados em quantidade e qualidade para atender às demandas de eventos acadêmicos e institucionais.","Likert",TRUE
"Q1","Discentes","E5D7P89","E5D7P89",89,"Eixo 5","E5","EIXO 5 – INFRAESTRUTURA FÍSICA","D7","Dimensão 7: Infraestrutura Física","No que tange ao acervo (físico e/ou digital), serviços e espaço físico da(s) biblioteca(s), podem ser verificadas ações de atualização e ampliação.","No que tange ao acervo, serviços e espaço físico da biblioteca, podem ser verificadas ações de atualização e ampliação.","Likert",TRUE
"Q1","Discentes","E5D7P90","E5D7P90",90,"Eixo 5","E5","EIXO 5 – INFRAESTRUTURA FÍSICA","D7","Dimensão 7: Infraestrutura Física","As salas de aula estão adequadamente equipadas (mobiliário, iluminação, ventilação, acústica).","As salas de aula estão adequadamente equipadas.","Likert",TRUE
"Q1","Discentes","E5D7P91","E5D7P91",91,"Eixo 5","E5","EIXO 5 – INFRAESTRUTURA FÍSICA","D7","Dimensão 7: Infraestrutura Física","Os recursos tecnológicos disponíveis nas salas (projetores, computadores, internet) são suficientes e funcionam adequadamente.","Os recursos tecnológicos disponíveis nas salas são suficientes e funcionam adequadamente.","Likert",TRUE
"Q1","Discentes","E5D7P92","E5D7P92",92,"Eixo 5","E5","EIXO 5 – INFRAESTRUTURA FÍSICA","D7","Dimensão 7: Infraestrutura Física","A quantidade de salas de aula é compatível com a demanda de cursos e turmas.","A quantidade de salas de aula é compatível com a demanda de cursos e turmas.","Likert",TRUE
"Q1","Discentes","E5D7P93","E5D7P93",93,"Eixo 5","E5","EIXO 5 – INFRAESTRUTURA FÍSICA","D7","Dimensão 7: Infraestrutura Física","A biblioteca possui acervo atualizado e suficiente para atender às necessidades dos cursos.","A biblioteca possui acervo atualizado e suficiente para atender às necessidades dos cursos.","Likert",TRUE
"Q1","Discentes","E5D7P94","E5D7P94",94,"Eixo 5","E5","EIXO 5 – INFRAESTRUTURA FÍSICA","D7","Dimensão 7: Infraestrutura Física","Os espaços da biblioteca (salas de estudo, computadores, áreas de leitura) são adequados.","Os espaços da biblioteca são adequados.","Likert",TRUE
"Q1","Discentes","E5D7P95","E5D7P95",95,"Eixo 5","E5","EIXO 5 – INFRAESTRUTURA FÍSICA","D7","Dimensão 7: Infraestrutura Física","O acesso aos serviços e materiais da biblioteca (físicos e digitais) é eficiente.","O acesso aos serviços e materiais da biblioteca é eficiente.","Likert",TRUE
"Q1","Discentes","E5D7P96","E5D7P96",96,"Eixo 5","E5","EIXO 5 – INFRAESTRUTURA FÍSICA","D7","Dimensão 7: Infraestrutura Física","Os laboratórios estão equipados adequadamente para a realização de atividades práticas.","Os laboratórios estão equipados adequadamente para a realização de atividades práticas.","Likert",TRUE
"Q1","Discentes","E5D7P97","E5D7P97",97,"Eixo 5","E5","EIXO 5 – INFRAESTRUTURA FÍSICA","D7","Dimensão 7: Infraestrutura Física","A manutenção dos equipamentos laboratoriais é feita de forma eficiente.","A manutenção dos equipamentos laboratoriais é feita de forma eficiente.","Likert",TRUE
"Q1","Discentes","E5D7P98","E5D7P98",98,"Eixo 5","E5","EIXO 5 – INFRAESTRUTURA FÍSICA","D7","Dimensão 7: Infraestrutura Física","Os laboratórios atendem à demanda de uso dos estudantes e professores.","Os laboratórios atendem à demanda de uso dos estudantes e professores.","Likert",TRUE
"Q1","Discentes","E5D7P99","E5D7P99",99,"Eixo 5","E5","EIXO 5 – INFRAESTRUTURA FÍSICA","D7","Dimensão 7: Infraestrutura Física","Os ambientes virtuais de aprendizagem (Teams, Moodle, entre outros) e sistemas acadêmicos funcionam de forma eficiente.","Os ambientes virtuais de aprendizagem e sistemas acadêmicos funcionam de forma eficiente.","Likert",TRUE
"Q1","Discentes","E5D7P100","E5D7P100",100,"Eixo 5","E5","EIXO 5 – INFRAESTRUTURA FÍSICA","D7","Dimensão 7: Infraestrutura Física","Há suporte técnico e treinamento adequado para o uso das plataformas digitais.","Há suporte técnico e treinamento adequado para o uso das plataformas digitais.","Likert",TRUE
"Q1","Discentes","E5D7P101","E5D7P101",101,"Eixo 5","E5","EIXO 5 – INFRAESTRUTURA FÍSICA","D7","Dimensão 7: Infraestrutura Física","A infraestrutura de internet (Wi-Fi, rede cabeada) atende adequadamente a comunidade acadêmica.","A infraestrutura de internet atende adequadamente a comunidade acadêmica.","Likert",TRUE
"Q1","Discentes","E5D7P102","E5D7P102",102,"Eixo 5","E5","EIXO 5 – INFRAESTRUTURA FÍSICA","D7","Dimensão 7: Infraestrutura Física","Os espaços destinados às atividades administrativas são adequados e funcionais.","Os espaços destinados às atividades administrativas são adequados e funcionais.","Likert",TRUE
"Q1","Discentes","E5D7P103","E5D7P103",103,"Eixo 5","E5","EIXO 5 – INFRAESTRUTURA FÍSICA","D7","Dimensão 7: Infraestrutura Física","A sinalização dos ambientes institucionais facilita a circulação e localização.","A sinalização dos ambientes institucionais facilita a circulação e localização.","Likert",TRUE
"Q1","Discentes","E5D7P104","E5D7P104",104,"Eixo 5","E5","EIXO 5 – INFRAESTRUTURA FÍSICA","D7","Dimensão 7: Infraestrutura Física","Há acessibilidade física nos ambientes da instituição (rampas, elevadores, banheiros adaptados, entre outros).","Há acessibilidade física nos ambientes da instituição.","Likert",TRUE
"Q1","Discentes","E5D7P105","E5D7P105",105,"Eixo 5","E5","EIXO 5 – INFRAESTRUTURA FÍSICA","D7","Dimensão 7: Infraestrutura Física","Os espaços de convivência (pátios, áreas de descanso, centros de vivência) são adequados e acolhedores.","Os espaços de convivência são adequados e acolhedores.","Likert",TRUE
"Q1","Discentes","E5D7P106","E5D7P106",106,"Eixo 5","E5","EIXO 5 – INFRAESTRUTURA FÍSICA","D7","Dimensão 7: Infraestrutura Física","Os serviços de alimentação (restaurante universitário e/ou cantina) são suficientes e de qualidade.","Os serviços de alimentação são suficientes e de qualidade.","Likert",TRUE
"Q1","Discentes","E5D7P107","E5D7P107",107,"Eixo 5","E5","EIXO 5 – INFRAESTRUTURA FÍSICA","D7","Dimensão 7: Infraestrutura Física","A infraestrutura dos serviços de saúde (ambulatórios, atendimento psicológico, entre outros) atende às necessidades da comunidade acadêmica.","A infraestrutura dos serviços de saúde atende às necessidades da comunidade acadêmica.","Likert",TRUE
"Q1","Discentes","E5D7P108","E5D7P108",108,"Eixo 5","E5","EIXO 5 – INFRAESTRUTURA FÍSICA","D7","Dimensão 7: Infraestrutura Física","Os ambientes da instituição são limpos e bem conservados.","Os ambientes da instituição são limpos e bem conservados.","Likert",TRUE
"Q1","Discentes","E5D7P109","E5D7P109",109,"Eixo 5","E5","EIXO 5 – INFRAESTRUTURA FÍSICA","D7","Dimensão 7: Infraestrutura Física","A manutenção predial (elétrica, hidráulica, aberturas - janelas e portas) está adequada para o desenvolvimento das ações pedagógicas e administrativas","A manutenção predial está adequada para o desenvolvimento das ações pedagógicas e administrativas","Likert",TRUE
"Q1","Discentes","E5D7P110","E5D7P110",110,"Eixo 5","E5","EIXO 5 – INFRAESTRUTURA FÍSICA","D7","Dimensão 7: Infraestrutura Física","A manutenção predial (pintura) está adequada para o desenvolvimento das ações pedagógicas e administrativas.","A manutenção predial está adequada para o desenvolvimento das ações pedagógicas e administrativas.","Likert",TRUE
"Q1","Discentes","E5D7P111","E5D7P111",111,"Eixo 5","E5","EIXO 5 – INFRAESTRUTURA FÍSICA","D7","Dimensão 7: Infraestrutura Física","Os serviços de segurança patrimonial e vigilância garantem tranquilidade à comunidade.","Os serviços de segurança patrimonial e vigilância garantem tranquilidade à comunidade.","Likert",TRUE
"Q1","Discentes","E5D7P112","E5D7P112",112,"Eixo 5","E5","EIXO 5 – INFRAESTRUTURA FÍSICA","D7","Dimensão 7: Infraestrutura Física","A universidade adota práticas sustentáveis (uso racional de energia, coleta seletiva, reaproveitamento de água).","A universidade adota práticas sustentáveis.","Likert",TRUE
"Q1","Discentes","E5D7P113","E5D7P113",113,"Eixo 5","E5","EIXO 5 – INFRAESTRUTURA FÍSICA","D7","Dimensão 7: Infraestrutura Física","Os ambientes físicos são acessíveis a pessoas com deficiência ou mobilidade reduzida.","Os ambientes físicos são acessíveis a pessoas com deficiência ou mobilidade reduzida.","Likert",TRUE
"Q1","Discentes","E5D7P115","E5D7P115",115,"Eixo 5","E5","EIXO 5 – INFRAESTRUTURA FÍSICA","D7","Dimensão 7: Infraestrutura Física","QUALIDADE GERAL DA UNIOESTE para o ensino, pesquisa e extensão é excelente.","QUALIDADE GERAL DA UNIOESTE para o ensino, pesquisa e extensão é excelente.","Likert",TRUE
"Q1","Discentes","E5D7P116","E5D7P116",116,"Eixo 5","E5","EIXO 5 – INFRAESTRUTURA FÍSICA","D7","Dimensão 7: Infraestrutura Física","A QUALIDADE GERAL DO MEU CURSO para o ensino, pesquisa e extensão é excelente.","A QUALIDADE GERAL DO MEU CURSO para o ensino, pesquisa e extensão é excelente.","Likert",TRUE
"Q1","Discentes",NA,"E1D8P14",14,"Eixo 1","E1","EIXO 1 – PLANEJAMENTO E AVALIAÇÃO INSTITUCIONAL","D8","Dimensão 8: Planejamento e Avaliação","Descreva aqui suas sugestões para o planejamento e a avaliação institucional da UNIOESTE.","Descreva aqui suas sugestões para o planejamento e a avaliação institucional da UNIOESTE.","Texto (Aberto)",FALSE
"Q1","Discentes",NA,"E2D1P19",19,"Eixo 2","E2","EIXO 2 – DESENVOLVIMENTO INSTITUCIONAL","D1","Dimensão 1: Missão e Plano de Desenvolvimento Institucional (PDI)","Descreva aqui suas sugestões para o Plano de Desenvolvimento Institucional (PDI) da UNIOESTE.","Descreva aqui suas sugestões para o Plano de Desenvolvimento Institucional da UNIOESTE.","Texto (Aberto)",FALSE
"Q1","Discentes",NA,"E2D3P26",26,"Eixo 2","E2","EIXO 2 – DESENVOLVIMENTO INSTITUCIONAL","D3","Dimensão 3: Responsabilidade Social da Instituição","Descreva aqui suas sugestões para a Responsabilidade Social da UNIOESTE.","Descreva aqui suas sugestões para a Responsabilidade Social da UNIOESTE.","Texto (Aberto)",FALSE
"Q1","Discentes",NA,"E3D2P38",38,"Eixo 3","E3","EIXO 3 – POLÍTICAS ACADÊMICAS","D2","Dimensão 2: Políticas para o Ensino, a Pesquisa e a Extensão","Descreva aqui suas sugestões para o ENSINO da UNIOESTE.","Descreva aqui suas sugestões para o ENSINO da UNIOESTE.","Texto (Aberto)",FALSE
"Q1","Discentes",NA,"E3D2P42",42,"Eixo 3","E3","EIXO 3 – POLÍTICAS ACADÊMICAS","D2","Dimensão 2: Políticas para o Ensino, a Pesquisa e a Extensão","Descreva aqui suas sugestões para a PESQUISA da UNIOESTE.","Descreva aqui suas sugestões para a PESQUISA da UNIOESTE.","Texto (Aberto)",FALSE
"Q1","Discentes",NA,"E3D2P48",48,"Eixo 3","E3","EIXO 3 – POLÍTICAS ACADÊMICAS","D2","Dimensão 2: Políticas para o Ensino, a Pesquisa e a Extensão","Descreva aqui suas sugestões para a EXTENSÃO UNIVERSITÁRIA da UNIOESTE.","Descreva aqui suas sugestões para a EXTENSÃO UNIVERSITÁRIA da UNIOESTE.","Texto (Aberto)",FALSE
"Q1","Discentes",NA,"E3D4P58",58,"Eixo 3","E3","EIXO 3 – POLÍTICAS ACADÊMICAS","D4","Dimensão 4: Comunicação com a Sociedade","Descreva aqui suas sugestões para a Comunicação com a comunidade externa (sociedade)","Descreva aqui suas sugestões para a Comunicação com a comunidade externa","Texto (Aberto)",FALSE
"Q1","Discentes",NA,"E3D9P70",70,"Eixo 3","E3","EIXO 3 – POLÍTICAS ACADÊMICAS","D9","Dimensão 9: Atendimento ao Estudante","Descreva aqui suas sugestões para a Política de Atendimento aos Discentes","Descreva aqui suas sugestões para a Política de Atendimento aos Discentes","Texto (Aberto)",FALSE
"Q1","Discentes",NA,"E4D5P72",72,"Eixo 4","E4","EIXO 4 – POLÍTICAS DE GESTÃO","D5","Dimensão 5: Políticas de Pessoal","Descreva aqui suas sugestões para as Políticas de pessoal.","Descreva aqui suas sugestões para as Políticas de pessoal.","Texto (Aberto)",FALSE
"Q1","Discentes",NA,"E4D6P77",77,"Eixo 4","E4","EIXO 4 – POLÍTICAS DE GESTÃO","D6","Dimensão 6: Organização e Gestão da Instituição","Descreva aqui suas sugestões para as Políticas de gestão","Descreva aqui suas sugestões para as Políticas de gestão","Texto (Aberto)",FALSE
"Q1","Discentes",NA,"E4D10P85",85,"Eixo 4","E4","EIXO 4 – POLÍTICAS DE GESTÃO","D10","Dimensão 10: Sustentabilidade Financeira","Descreva aqui suas sugestões para a Sustentabilidade Financeira da UNIOESTE.","Descreva aqui suas sugestões para a Sustentabilidade Financeira da UNIOESTE.","Texto (Aberto)",FALSE
"Q1","Discentes",NA,"E5D7P114",114,"Eixo 5","E5","EIXO 5 – INFRAESTRUTURA FÍSICA","D7","Dimensão 7: Infraestrutura Física","Descreva aqui suas sugestões para a INFRAESTRUTURA","Descreva aqui suas sugestões para a INFRAESTRUTURA","Texto (Aberto)",FALSE
"Q2","Docentes","ID","ID",NA,"Perfil / Demográfico","DEMO","Perfil do Respondente / Demografia","DEMO","Dados Demográficos","ID","ID","Demográfico",TRUE
"Q2","Docentes","Informe a categoria pela qual você está respondendo este questionário, considerando sua vinculação com a Unioeste.","Informe a categoria pela qual você está respondendo este questionário, considerando sua vinculação com a Unioeste.",NA,"Perfil / Demográfico","DEMO","Perfil do Respondente / Demografia","DEMO","Dados Demográficos","Informe a categoria pela qual você está respondendo este questionário, considerando sua vinculação com a Unioeste.","Informe a categoria pela qual você está respondendo este questionário, considerando sua vinculação com a Unioeste.","Demográfico",TRUE
"Q2","Docentes","Campus / Unidade ","Campus / Unidade ",NA,"Perfil / Demográfico","DEMO","Perfil do Respondente / Demografia","DEMO","Dados Demográficos","Campus / Unidade ","Campus / Unidade ","Demográfico",TRUE
"Q2","Docentes","Informe o centro ao qual você está vinculado - (Cascavel)","Informe o centro ao qual você está vinculado - (Cascavel)",NA,"Perfil / Demográfico","DEMO","Perfil do Respondente / Demografia","DEMO","Dados Demográficos","Informe o centro ao qual você está vinculado - (Cascavel)","Informe o centro ao qual você está vinculado - (Cascavel)","Demográfico",TRUE
"Q2","Docentes","Informe o centro ao qual você está vinculado (Foz do Iguaçu)","Informe o centro ao qual você está vinculado (Foz do Iguaçu)",NA,"Perfil / Demográfico","DEMO","Perfil do Respondente / Demografia","DEMO","Dados Demográficos","Informe o centro ao qual você está vinculado (Foz do Iguaçu)","Informe o centro ao qual você está vinculado (Foz do Iguaçu)","Demográfico",TRUE
"Q2","Docentes","Informe o centro ao qual você está vinculado (Francisco Beltrão):","Informe o centro ao qual você está vinculado (Francisco Beltrão):",NA,"Perfil / Demográfico","DEMO","Perfil do Respondente / Demografia","DEMO","Dados Demográficos","Informe o centro ao qual você está vinculado (Francisco Beltrão):","Informe o centro ao qual você está vinculado (Francisco Beltrão):","Demográfico",TRUE
"Q2","Docentes","Informe o centro ao qual você está vinculado (Marechal Cândido Rondon):  ","Informe o centro ao qual você está vinculado (Marechal Cândido Rondon):  ",NA,"Perfil / Demográfico","DEMO","Perfil do Respondente / Demografia","DEMO","Dados Demográficos","Informe o centro ao qual você está vinculado (Marechal Cândido Rondon):  ","Informe o centro ao qual você está vinculado (Marechal Cândido Rondon):  ","Demográfico",TRUE
"Q2","Docentes","Informe o centro ao qual você está vinculado (Toledo): ","Informe o centro ao qual você está vinculado (Toledo): ",NA,"Perfil / Demográfico","DEMO","Perfil do Respondente / Demografia","DEMO","Dados Demográficos","Informe o centro ao qual você está vinculado (Toledo): ","Informe o centro ao qual você está vinculado (Toledo): ","Demográfico",TRUE
"Q2","Docentes","E1D8P8","E1D8P8",8,"Eixo 1","E1","EIXO 1 – PLANEJAMENTO E AVALIAÇÃO INSTITUCIONAL","D8","Dimensão 8: Planejamento e Avaliação","O planejamento e a avaliação, especialmente em relação aos processos, resultados e eficácia da autoavaliação institucional da UNIOESTE estão coerentes com o especificado no planejamento institucional (PDI).","O planejamento e a avaliação, especialmente em relação aos processos, resultados e eficácia da autoavaliação institucional da UNIOESTE estão...","Likert",TRUE
"Q2","Docentes","E1D8P9","E1D8P9",9,"Eixo 1","E1","EIXO 1 – PLANEJAMENTO E AVALIAÇÃO INSTITUCIONAL","D8","Dimensão 8: Planejamento e Avaliação","A Comissão Própria de Avaliação (CPA) está implantada e funciona, há efetiva participação da comunidade interna (professores, estudantes e técnico-administrativos) e externa nos processos de autoavaliação institucional.","A Comissão Própria de Avaliação está implantada e funciona, há efetiva participação da comunidade interna e externa nos processos de autoavaliação...","Likert",TRUE
"Q2","Docentes","E1D8P10","E1D8P10",10,"Eixo 1","E1","EIXO 1 – PLANEJAMENTO E AVALIAÇÃO INSTITUCIONAL","D8","Dimensão 8: Planejamento e Avaliação","A Comissão Própria de Avaliação (CPA) divulga as análises, os resultados das avaliações, e as informações correspondentes estão acessíveis à comunidade acadêmica.","A Comissão Própria de Avaliação divulga as análises, os resultados das avaliações, e as informações correspondentes estão acessíveis à comunidade...","Likert",TRUE
"Q2","Docentes","E1D8P11","E1D8P11",11,"Eixo 1","E1","EIXO 1 – PLANEJAMENTO E AVALIAÇÃO INSTITUCIONAL","D8","Dimensão 8: Planejamento e Avaliação","A UNIOESTE implementa ações acadêmico administrativas baseadas nos resultados da autoavaliação e das avaliações externas.","A UNIOESTE implementa ações acadêmico administrativas baseadas nos resultados da autoavaliação e das avaliações externas.","Likert",TRUE
"Q2","Docentes","E1D8P12","E1D8P12",12,"Eixo 1","E1","EIXO 1 – PLANEJAMENTO E AVALIAÇÃO INSTITUCIONAL","D8","Dimensão 8: Planejamento e Avaliação","A instituição executa ações de planejamento com base nos resultados dos processos internos (Diagnóstico  Avaliativo da CPA e de outros documentos oficiais, e externos (ENADE, Índice Geral de Cursos (IGC), Comissão Especial de Avaliação (CEA)).","A instituição executa ações de planejamento com base nos resultados dos processos internos, Comissão Especial de Avaliação).","Likert",TRUE
"Q2","Docentes","E1D8P13","E1D8P13",13,"Eixo 1","E1","EIXO 1 – PLANEJAMENTO E AVALIAÇÃO INSTITUCIONAL","D8","Dimensão 8: Planejamento e Avaliação","A Avaliação institucional no âmbito dos SINAES (ENADE, Índice Geral de Cursos (IGC), Comissão Especial de Avaliação (CEA) está sendo fundamental para a melhoria da qualidade dos cursos da UNIOESTE, pois possibilita reflexão sobre a Universidade e sobre as ações dos membros que compõem a comunidade acadêmica (alunos, docentes, agentes universitários e colaboradores).","A Avaliação institucional no âmbito dos SINAES, Comissão Especial de Avaliação está sendo fundamental para a melhoria da qualidade dos cursos da...","Likert",TRUE
"Q2","Docentes","E2D1P15","E2D1P15",15,"Eixo 2","E2","EIXO 2 – DESENVOLVIMENTO INSTITUCIONAL","D1","Dimensão 1: Missão e Plano de Desenvolvimento Institucional (PDI)","As propostas constantes do planejamento institucional (PDI) estão sendo implementadas de acordo com as funções, os órgãos e os sistemas de gestão.","As propostas constantes do planejamento institucional estão sendo implementadas de acordo com as funções, os órgãos e os sistemas de gestão.","Likert",TRUE
"Q2","Docentes","E2D1P16","E2D1P16",16,"Eixo 2","E2","EIXO 2 – DESENVOLVIMENTO INSTITUCIONAL","D1","Dimensão 1: Missão e Plano de Desenvolvimento Institucional (PDI)","As propostas constantes do planejamento institucional (PDI) estão sendo implementadas de acordo com as demandas de ações dos cursos.","As propostas constantes do planejamento institucional estão sendo implementadas de acordo com as demandas de ações dos cursos.","Likert",TRUE
"Q2","Docentes","E2D1P17","E2D1P17",17,"Eixo 2","E2","EIXO 2 – DESENVOLVIMENTO INSTITUCIONAL","D1","Dimensão 1: Missão e Plano de Desenvolvimento Institucional (PDI)","Os resultados da autoavaliação e das avaliações externas (ENADE, Reconhecimento, Renovação de Reconhecimento, Recredenciamento e outros) são utilizados como subsídios para a revisão permanente do planejamento dos cursos e institucional (PDI).","Os resultados da autoavaliação e das avaliações externas são utilizados como subsídios para a revisão permanente do planejamento dos cursos e...","Likert",TRUE
"Q2","Docentes","E2D1P18","E2D1P18",18,"Eixo 2","E2","EIXO 2 – DESENVOLVIMENTO INSTITUCIONAL","D1","Dimensão 1: Missão e Plano de Desenvolvimento Institucional (PDI)","Os resultados da autoavaliação e das avaliações externas (ENADE, Reconhecimento, Renovação de Reconhecimento, Recredenciamento e outros) geram ações acadêmicas e administrativas que visam melhorias para os cursos e para a UNIOESTE.","Os resultados da autoavaliação e das avaliações externas geram ações acadêmicas e administrativas que visam melhorias para os cursos e para a...","Likert",TRUE
"Q2","Docentes","E2D1P19","E2D1P19",19,"Eixo 2","E2","EIXO 2 – DESENVOLVIMENTO INSTITUCIONAL","D1","Dimensão 1: Missão e Plano de Desenvolvimento Institucional (PDI)","A Unioeste deveria ofertar novos cursos de graduação.","A Unioeste deveria ofertar novos cursos de graduação.","Likert",TRUE
"Q2","Docentes","E2D1P20","E2D1P20",20,"Eixo 2","E2","EIXO 2 – DESENVOLVIMENTO INSTITUCIONAL","D1","Dimensão 1: Missão e Plano de Desenvolvimento Institucional (PDI)","A Unioeste deveria ofertar novos cursos de pós-graduação.","A Unioeste deveria ofertar novos cursos de pós-graduação.","Likert",TRUE
"Q2","Docentes","E2D3P22","E2D3P22",22,"Eixo 2","E2","EIXO 2 – DESENVOLVIMENTO INSTITUCIONAL","D3","Dimensão 3: Responsabilidade Social da Instituição","A Missão da UNIOESTE como instituição pública multicampi (de produzir, sistematizar e socializar o conhecimento, contribuir com o desenvolvimento humano, científico, tecnológico e regional, e comprometer-se com a justiça, a democracia, a cidadania e a responsabilidade social) está sendo cumprida.","A Missão da UNIOESTE como instituição pública multicampi está sendo cumprida.","Likert",TRUE
"Q2","Docentes","E2D3P23","E2D3P23",23,"Eixo 2","E2","EIXO 2 – DESENVOLVIMENTO INSTITUCIONAL","D3","Dimensão 3: Responsabilidade Social da Instituição","A Visão da Universidade de ser referência como universidade pública na produção e socialização do conhecimento, comprometida com a formação de profissionais para atuar com base em princípios éticos para o exercício da cidadania, está sendo alcançada.","A Visão da Universidade de ser referência como universidade pública na produção e socialização do conhecimento, comprometida com a formação de...","Likert",TRUE
"Q2","Docentes","E2D3P24","E2D3P24",24,"Eixo 2","E2","EIXO 2 – DESENVOLVIMENTO INSTITUCIONAL","D3","Dimensão 3: Responsabilidade Social da Instituição","As ações de responsabilidade e inclusão social praticadas pela UNIOESTE estão coerentes com o planejamento (PDI) e executado nos documentos oficiais.","As ações de responsabilidade e inclusão social praticadas pela UNIOESTE estão coerentes com o planejamento e executado nos documentos oficiais.","Likert",TRUE
"Q2","Docentes","E2D3P25","E2D3P25",25,"Eixo 2","E2","EIXO 2 – DESENVOLVIMENTO INSTITUCIONAL","D3","Dimensão 3: Responsabilidade Social da Instituição","As relações da UNIOESTE com os setores da sociedade, incluindo ações para o desenvolvimento socioeconômico e educacional, estão sendo implantadas e acompanhadas.","As relações da UNIOESTE com os setores da sociedade, incluindo ações para o desenvolvimento socioeconômico e educacional, estão sendo implantadas...","Likert",TRUE
"Q2","Docentes","E2D3P26","E2D3P26",26,"Eixo 2","E2","EIXO 2 – DESENVOLVIMENTO INSTITUCIONAL","D3","Dimensão 3: Responsabilidade Social da Instituição","As ações da UNIOESTE, com vistas à inclusão social, resultam de diretrizes institucionais (PDI) e estão sendo implantadas e acompanhadas.","As ações da UNIOESTE, com vistas à inclusão social, resultam de diretrizes institucionais e estão sendo implantadas e acompanhadas.","Likert",TRUE
"Q2","Docentes","E2D3P27","E2D3P27",27,"Eixo 2","E2","EIXO 2 – DESENVOLVIMENTO INSTITUCIONAL","D3","Dimensão 3: Responsabilidade Social da Instituição","As ações da UNIOESTE, com vistas à defesa do meio ambiente, do patrimônio cultural e da produção artística, resultam de diretrizes institucionais (PDI) e estão sendo implantadas e acompanhadas.","As ações da UNIOESTE, com vistas à defesa do meio ambiente, do patrimônio cultural e da produção artística, resultam de diretrizes institucionais...","Likert",TRUE
"Q2","Docentes","E3D2P29","E3D2P29",29,"Eixo 3","E3","EIXO 3 – POLÍTICAS ACADÊMICAS","D2","Dimensão 2: Políticas para o Ensino, a Pesquisa e a Extensão","As políticas de ensino, pesquisa e extensão praticadas pela UNIOESTE estão coerentes com o plano de desenvolvimento institucional (PDI).","As políticas de ensino, pesquisa e extensão praticadas pela UNIOESTE estão coerentes com o plano de desenvolvimento institucional.","Likert",TRUE
"Q2","Docentes","E3D2P30","E3D2P30",30,"Eixo 3","E3","EIXO 3 – POLÍTICAS ACADÊMICAS","D2","Dimensão 2: Políticas para o Ensino, a Pesquisa e a Extensão","As atividades realizadas nos cursos de graduação na modalidade PRESENCIAL, garantem a qualidade desses cursos.","As atividades realizadas nos cursos de graduação na modalidade PRESENCIAL, garantem a qualidade desses cursos.","Likert",TRUE
"Q2","Docentes","E3D2P31","E3D2P31",31,"Eixo 3","E3","EIXO 3 – POLÍTICAS ACADÊMICAS","D2","Dimensão 2: Políticas para o Ensino, a Pesquisa e a Extensão","As atividades planejadas e realizadas nos cursos PRESENCIAIS de pós-graduação (lato sensu e stricto sensu) garantem a qualidade desses cursos.","As atividades planejadas e realizadas nos cursos PRESENCIAIS de pós-graduação garantem a qualidade desses cursos.","Likert",TRUE
"Q2","Docentes","E3D2P32","E3D2P32",32,"Eixo 3","E3","EIXO 3 – POLÍTICAS ACADÊMICAS","D2","Dimensão 2: Políticas para o Ensino, a Pesquisa e a Extensão","As atividades de pesquisa e de iniciação científica implantadas são acompanhadas, com participação de professores e de estudantes.","As atividades de pesquisa e de iniciação científica implantadas são acompanhadas, com participação de professores e de estudantes.","Likert",TRUE
"Q2","Docentes","E3D2P33","E3D2P33",33,"Eixo 3","E3","EIXO 3 – POLÍTICAS ACADÊMICAS","D2","Dimensão 2: Políticas para o Ensino, a Pesquisa e a Extensão","As atividades de extensão implantadas são acompanhadas com participação de professores e de estudantes.","As atividades de extensão implantadas são acompanhadas com participação de professores e de estudantes.","Likert",TRUE
"Q2","Docentes","E3D2P34","E3D2P34",34,"Eixo 3","E3","EIXO 3 – POLÍTICAS ACADÊMICAS","D2","Dimensão 2: Políticas para o Ensino, a Pesquisa e a Extensão","As atividades de extensão possuem relevância acadêmica, científica e social no entorno institucional, e estão vinculadas com a formação acadêmica dos alunos.","As atividades de extensão possuem relevância acadêmica, científica e social no entorno institucional, e estão vinculadas com a formação acadêmica...","Likert",TRUE
"Q2","Docentes","E3D2P35","E3D2P35",35,"Eixo 3","E3","EIXO 3 – POLÍTICAS ACADÊMICAS","D2","Dimensão 2: Políticas para o Ensino, a Pesquisa e a Extensão","A oferta de bolsas para produção acadêmica (de iniciação científica, de extensão e de monitoria) está de acordo com a demanda dos cursos.","A oferta de bolsas para produção acadêmica está de acordo com a demanda dos cursos.","Likert",TRUE
"Q2","Docentes","E3D2P36","E3D2P36",36,"Eixo 3","E3","EIXO 3 – POLÍTICAS ACADÊMICAS","D2","Dimensão 2: Políticas para o Ensino, a Pesquisa e a Extensão","As políticas institucionais do ensino de graduação possibilitam práticas pedagógicas que consideram os referenciais mínimos de qualidade.","As políticas institucionais do ensino de graduação possibilitam práticas pedagógicas que consideram os referenciais mínimos de qualidade.","Likert",TRUE
"Q2","Docentes","E3D2P37","E3D2P37",37,"Eixo 3","E3","EIXO 3 – POLÍTICAS ACADÊMICAS","D2","Dimensão 2: Políticas para o Ensino, a Pesquisa e a Extensão","A Unioeste promove ações efetivas para a formação docente em termos de qualidade e quantidade","A Unioeste promove ações efetivas para a formação docente em termos de qualidade e quantidade","Likert",TRUE
"Q2","Docentes","E3D2P38","E3D2P38",38,"Eixo 3","E3","EIXO 3 – POLÍTICAS ACADÊMICAS","D2","Dimensão 2: Políticas para o Ensino, a Pesquisa e a Extensão","A Unioeste promove ações de incentivo à internacionalização e à inserção de novas tecnologias no ensino","A Unioeste promove ações de incentivo à internacionalização e à inserção de novas tecnologias no ensino","Likert",TRUE
"Q2","Docentes","E3D2P39","E3D2P39",39,"Eixo 3","E3","EIXO 3 – POLÍTICAS ACADÊMICAS","D2","Dimensão 2: Políticas para o Ensino, a Pesquisa e a Extensão","A estrutura curricular possibilita a flexibilidade acadêmica e a interdisciplinaridade.","A estrutura curricular possibilita a flexibilidade acadêmica e a interdisciplinaridade.","Likert",TRUE
"Q2","Docentes","E3D2P41","E3D2P41",41,"Eixo 3","E3","EIXO 3 – POLÍTICAS ACADÊMICAS","D2","Dimensão 2: Políticas para o Ensino, a Pesquisa e a Extensão","A instituição reconhece e valoriza a produção científica docente em seus processos internos.","A instituição reconhece e valoriza a produção científica docente em seus processos internos.","Likert",TRUE
"Q2","Docentes","E3D2P42","E3D2P42",42,"Eixo 3","E3","EIXO 3 – POLÍTICAS ACADÊMICAS","D2","Dimensão 2: Políticas para o Ensino, a Pesquisa e a Extensão","Há oportunidades para a participação de estudantes em projetos de iniciação científica.","Há oportunidades para a participação de estudantes em projetos de iniciação científica.","Likert",TRUE
"Q2","Docentes","E3D2P43","E3D2P43",43,"Eixo 3","E3","EIXO 3 – POLÍTICAS ACADÊMICAS","D2","Dimensão 2: Políticas para o Ensino, a Pesquisa e a Extensão","A divulgação dos editais de iniciação científica é amplamente realizada, com informações claras e prazos adequados para que os estudantes possam participar dos projetos.","A divulgação dos editais de iniciação científica é amplamente realizada, com informações claras e prazos adequados para que os estudantes possam...","Likert",TRUE
"Q2","Docentes","E3D2P44","E3D2P44",44,"Eixo 3","E3","EIXO 3 – POLÍTICAS ACADÊMICAS","D2","Dimensão 2: Políticas para o Ensino, a Pesquisa e a Extensão","Existe articulação entre a pesquisa desenvolvida na instituição e os problemas regionais e nacionais.","Existe articulação entre a pesquisa desenvolvida na instituição e os problemas regionais e nacionais.","Likert",TRUE
"Q2","Docentes","E3D2P45","E3D2P45",45,"Eixo 3","E3","EIXO 3 – POLÍTICAS ACADÊMICAS","D2","Dimensão 2: Políticas para o Ensino, a Pesquisa e a Extensão","A Unioeste incentiva a produção científica dos docentes por meio de políticas e editais próprios (divulgação científica, capacitação docente, entre outros.)","A Unioeste incentiva a produção científica dos docentes por meio de políticas e editais próprios","Likert",TRUE
"Q2","Docentes","E3D2P46","E3D2P46",46,"Eixo 3","E3","EIXO 3 – POLÍTICAS ACADÊMICAS","D2","Dimensão 2: Políticas para o Ensino, a Pesquisa e a Extensão","Os grupos de pesquisa são estruturados e contam com apoio institucional.","Os grupos de pesquisa são estruturados e contam com apoio institucional.","Likert",TRUE
"Q2","Docentes","E3D2P48","E3D2P48",48,"Eixo 3","E3","EIXO 3 – POLÍTICAS ACADÊMICAS","D2","Dimensão 2: Políticas para o Ensino, a Pesquisa e a Extensão","O apoio institucional para a realização de projetos de extensão é adequado.","O apoio institucional para a realização de projetos de extensão é adequado.","Likert",TRUE
"Q2","Docentes","E3D2P49","E3D2P49",49,"Eixo 3","E3","EIXO 3 – POLÍTICAS ACADÊMICAS","D2","Dimensão 2: Políticas para o Ensino, a Pesquisa e a Extensão","As atividades de extensão são planejadas considerando as demandas sociais e resultam em ações concretas para a comunidade interna e externa.","As atividades de extensão são planejadas considerando as demandas sociais e resultam em ações concretas para a comunidade interna e externa.","Likert",TRUE
"Q2","Docentes","E3D2P50","E3D2P50",50,"Eixo 3","E3","EIXO 3 – POLÍTICAS ACADÊMICAS","D2","Dimensão 2: Políticas para o Ensino, a Pesquisa e a Extensão","A extensão universitária é reconhecida como parte integrante da formação acadêmica e cidadã.","A extensão universitária é reconhecida como parte integrante da formação acadêmica e cidadã.","Likert",TRUE
"Q2","Docentes","E3D2P51","E3D2P51",51,"Eixo 3","E3","EIXO 3 – POLÍTICAS ACADÊMICAS","D2","Dimensão 2: Políticas para o Ensino, a Pesquisa e a Extensão","Existe integração entre extensão, ensino e pesquisa nas práticas institucionais.","Existe integração entre extensão, ensino e pesquisa nas práticas institucionais.","Likert",TRUE
"Q2","Docentes","E3D2P52","E3D2P52",52,"Eixo 3","E3","EIXO 3 – POLÍTICAS ACADÊMICAS","D2","Dimensão 2: Políticas para o Ensino, a Pesquisa e a Extensão","A instituição incentiva a participação dos estudantes em atividades de extensão extracurriculares","A instituição incentiva a participação dos estudantes em atividades de extensão extracurriculares","Likert",TRUE
"Q2","Docentes","E3D4P54","E3D4P54",54,"Eixo 3","E3","EIXO 3 – POLÍTICAS ACADÊMICAS","D4","Dimensão 4: Comunicação com a Sociedade","As ações de comunicação com a sociedade praticadas pela UNIOESTE estão coerentes com o plano de desenvolvimento institucional (PDI).","As ações de comunicação com a sociedade praticadas pela UNIOESTE estão coerentes com o plano de desenvolvimento institucional.","Likert",TRUE
"Q2","Docentes","E3D4P55","E3D4P55",55,"Eixo 3","E3","EIXO 3 – POLÍTICAS ACADÊMICAS","D4","Dimensão 4: Comunicação com a Sociedade","A comunicação institucional é acessível às comunidades interna e externa e possibilitam a divulgação das ações da UNIOESTE.","A comunicação institucional é acessível às comunidades interna e externa e possibilitam a divulgação das ações da UNIOESTE.","Likert",TRUE
"Q2","Docentes","E3D4P56","E3D4P56",56,"Eixo 3","E3","EIXO 3 – POLÍTICAS ACADÊMICAS","D4","Dimensão 4: Comunicação com a Sociedade","A ouvidoria institucional atende adequadamente às demandas recebidas.","A ouvidoria institucional atende adequadamente às demandas recebidas.","Likert",TRUE
"Q2","Docentes","E3D4P57","E3D4P57",57,"Eixo 3","E3","EIXO 3 – POLÍTICAS ACADÊMICAS","D4","Dimensão 4: Comunicação com a Sociedade","As instâncias acadêmicas e administrativas fazem os devidos encaminhamentos das demandas recebidas da Ouvidoria Institucional.","As instâncias acadêmicas e administrativas fazem os devidos encaminhamentos das demandas recebidas da Ouvidoria Institucional.","Likert",TRUE
"Q2","Docentes","E3D4P58","E3D4P58",58,"Eixo 3","E3","EIXO 3 – POLÍTICAS ACADÊMICAS","D4","Dimensão 4: Comunicação com a Sociedade","Os canais de comunicação institucionais permitem o diálogo e a escuta das demandas da comunidade externa (sociedade).","Os canais de comunicação institucionais permitem o diálogo e a escuta das demandas da comunidade externa.","Likert",TRUE
"Q2","Docentes","E3D4P59","E3D4P59",59,"Eixo 3","E3","EIXO 3 – POLÍTICAS ACADÊMICAS","D4","Dimensão 4: Comunicação com a Sociedade","A Unioeste promove eventos e atividades de integração com a comunidade externa.","A Unioeste promove eventos e atividades de integração com a comunidade externa.","Likert",TRUE
"Q2","Docentes","E3D4P60","E3D4P60",60,"Eixo 3","E3","EIXO 3 – POLÍTICAS ACADÊMICAS","D4","Dimensão 4: Comunicação com a Sociedade","Os resultados das ações de ensino, pesquisa e extensão são compartilhados com a comunidade externa.","Os resultados das ações de ensino, pesquisa e extensão são compartilhados com a comunidade externa.","Likert",TRUE
"Q2","Docentes","E3D4P61","E3D4P61",61,"Eixo 3","E3","EIXO 3 – POLÍTICAS ACADÊMICAS","D4","Dimensão 4: Comunicação com a Sociedade","A instituição utiliza, de forma eficiente, as mídias digitais e redes sociais para divulgar suas ações para a comunidade externa.","A instituição utiliza, de forma eficiente, as mídias digitais e redes sociais para divulgar suas ações para a comunidade externa.","Likert",TRUE
"Q2","Docentes","E3D4P62","E3D4P62",62,"Eixo 3","E3","EIXO 3 – POLÍTICAS ACADÊMICAS","D4","Dimensão 4: Comunicação com a Sociedade","A imagem da Unioeste é divulgada de forma ética e coerente, alinhada com a missão institucional.","A imagem da Unioeste é divulgada de forma ética e coerente, alinhada com a missão institucional.","Likert",TRUE
"Q2","Docentes","E3D9P64","E3D9P64",64,"Eixo 3","E3","EIXO 3 – POLÍTICAS ACADÊMICAS","D9","Dimensão 9: Atendimento ao Estudante","As políticas de atendimento aos discentes da UNIOESTE estão coerentes com as especificadas no plano de desenvolvimento institucional (PDI).","As políticas de atendimento aos discentes da UNIOESTE estão coerentes com as especificadas no plano de desenvolvimento institucional.","Likert",TRUE
"Q2","Docentes","E3D9P65","E3D9P65",65,"Eixo 3","E3","EIXO 3 – POLÍTICAS ACADÊMICAS","D9","Dimensão 9: Atendimento ao Estudante","Há apoio pedagógico aos discentes, para a realização de ensino, pesquisa extensão e divulgação da sua produção.","Há apoio pedagógico aos discentes, para a realização de ensino, pesquisa extensão e divulgação da sua produção.","Likert",TRUE
"Q2","Docentes","E3D9P66","E3D9P66",66,"Eixo 3","E3","EIXO 3 – POLÍTICAS ACADÊMICAS","D9","Dimensão 9: Atendimento ao Estudante","Em relação às Condições institucionais de atendimento ao discente, se verifica a adequação das políticas de acesso, seleção e permanência de estudantes (critérios utilizados, acompanhamento pedagógico, espaço de participação e de convivência) praticadas pela UNIOESTE e há relação com as políticas públicas e com o contexto social.","Em relação às Condições institucionais de atendimento ao discente, se verifica a adequação das políticas de acesso, seleção e permanência de...","Likert",TRUE
"Q2","Docentes","E3D9P67","E3D9P67",67,"Eixo 3","E3","EIXO 3 – POLÍTICAS ACADÊMICAS","D9","Dimensão 9: Atendimento ao Estudante","A UNIOESTE desenvolve estratégias para acompanhar os egressos e seus empregadores à permanente atualização profissional, melhoria curricular, de formação profissional, ou cursos de pós-graduação (entre outros) que visem o aumento de empregabilidade e salários dos ex-alunos.","A UNIOESTE desenvolve estratégias para acompanhar os egressos e seus empregadores à permanente atualização profissional, melhoria curricular, de...","Likert",TRUE
"Q2","Docentes","E3D9P68","E3D9P68",68,"Eixo 3","E3","EIXO 3 – POLÍTICAS ACADÊMICAS","D9","Dimensão 9: Atendimento ao Estudante","A instituição oferece suporte aos estudantes em situações de vulnerabilidade social, (expostos a riscos e dificuldades sociais em relação à alimentação, transporte, moradia, entre outros).","A instituição oferece suporte aos estudantes em situações de vulnerabilidade social,.","Likert",TRUE
"Q2","Docentes","E3D9P69","E3D9P69",69,"Eixo 3","E3","EIXO 3 – POLÍTICAS ACADÊMICAS","D9","Dimensão 9: Atendimento ao Estudante","Há acompanhamento institucional aos estudantes com baixo desempenho ou dificuldades de aprendizagem.","Há acompanhamento institucional aos estudantes com baixo desempenho ou dificuldades de aprendizagem.","Likert",TRUE
"Q2","Docentes","E3D9P70","E3D9P70",70,"Eixo 3","E3","EIXO 3 – POLÍTICAS ACADÊMICAS","D9","Dimensão 9: Atendimento ao Estudante","O serviço de apoio psicológico, é efetivamente divulgado aos discentes.","O serviço de apoio psicológico, é efetivamente divulgado aos discentes.","Likert",TRUE
"Q2","Docentes","E3D9P71","E3D9P71",71,"Eixo 3","E3","EIXO 3 – POLÍTICAS ACADÊMICAS","D9","Dimensão 9: Atendimento ao Estudante","Há canais de escuta e acolhimento acessíveis aos estudantes para que possam relatar suas dificuldades.","Há canais de escuta e acolhimento acessíveis aos estudantes para que possam relatar suas dificuldades.","Likert",TRUE
"Q2","Docentes","E3D9P72","E3D9P72",72,"Eixo 3","E3","EIXO 3 – POLÍTICAS ACADÊMICAS","D9","Dimensão 9: Atendimento ao Estudante","Os estudantes são orientados sobre normas, regulamentos e trâmites acadêmicos desde seu ingresso.","Os estudantes são orientados sobre normas, regulamentos e trâmites acadêmicos desde seu ingresso.","Likert",TRUE
"Q2","Docentes","E3D9P73","E3D9P73",73,"Eixo 3","E3","EIXO 3 – POLÍTICAS ACADÊMICAS","D9","Dimensão 9: Atendimento ao Estudante","As coordenações de curso estão disponíveis para atender às demandas acadêmicas dos estudantes.","As coordenações de curso estão disponíveis para atender às demandas acadêmicas dos estudantes.","Likert",TRUE
"Q2","Docentes","E3D9P74","E3D9P74",74,"Eixo 3","E3","EIXO 3 – POLÍTICAS ACADÊMICAS","D9","Dimensão 9: Atendimento ao Estudante","Os setores administrativos prestam atendimento eficiente e respeitoso aos alunos.","Os setores administrativos prestam atendimento eficiente e respeitoso aos alunos.","Likert",TRUE
"Q2","Docentes","E4D5P76","E4D5P76",76,"Eixo 4","E4","EIXO 4 – POLÍTICAS DE GESTÃO","D5","Dimensão 5: Políticas de Pessoal","As políticas de desenvolvimento profissional e as condições de trabalho praticadas pelas UNIOESTE estão coerentes com as políticas firmadas no Plano de desenvolvimento Institucional (PDI).","As políticas de desenvolvimento profissional e as condições de trabalho praticadas pelas UNIOESTE estão coerentes com as políticas firmadas no...","Likert",TRUE
"Q2","Docentes","E4D5P77","E4D5P77",77,"Eixo 4","E4","EIXO 4 – POLÍTICAS DE GESTÃO","D5","Dimensão 5: Políticas de Pessoal","As políticas de capacitação e de acompanhamento do trabalho docente implementadas na UNIOESTE estão em consonância com a legislação vigente.","As políticas de capacitação e de acompanhamento do trabalho docente implementadas na UNIOESTE estão em consonância com a legislação vigente.","Likert",TRUE
"Q2","Docentes","E4D5P78","E4D5P78",78,"Eixo 4","E4","EIXO 4 – POLÍTICAS DE GESTÃO","D5","Dimensão 5: Políticas de Pessoal","A estrutura organizacional é adequada para atender às demandas de ensino, pesquisa, extensão e de gestão.","A estrutura organizacional é adequada para atender às demandas de ensino, pesquisa, extensão e de gestão.","Likert",TRUE
"Q2","Docentes","E4D5P79","E4D5P79",79,"Eixo 4","E4","EIXO 4 – POLÍTICAS DE GESTÃO","D5","Dimensão 5: Políticas de Pessoal","Os setores administrativos atuam de forma articulada, contribuindo para o bom funcionamento institucional.","Os setores administrativos atuam de forma articulada, contribuindo para o bom funcionamento institucional.","Likert",TRUE
"Q2","Docentes","E4D5P80","E4D5P80",80,"Eixo 4","E4","EIXO 4 – POLÍTICAS DE GESTÃO","D5","Dimensão 5: Políticas de Pessoal","A organização interna favorece o trabalho integrado entre os cursos, centros, campus e reitoria.","A organização interna favorece o trabalho integrado entre os cursos, centros, campus e reitoria.","Likert",TRUE
"Q2","Docentes","E4D5P81","E4D5P81",81,"Eixo 4","E4","EIXO 4 – POLÍTICAS DE GESTÃO","D5","Dimensão 5: Políticas de Pessoal","As informações institucionais são de fácil acesso para a comunidade acadêmica.","As informações institucionais são de fácil acesso para a comunidade acadêmica.","Likert",TRUE
"Q2","Docentes","E4D6P83","E4D6P83",83,"Eixo 4","E4","EIXO 4 – POLÍTICAS DE GESTÃO","D6","Dimensão 6: Organização e Gestão da Instituição","A organização e a gestão da instituição, especialmente o funcionamento e representatividade dos colegiados, sua independência e autonomia na relação com a mantenedora (SETI), e a participação dos segmentos da comunidade universitária nos processos decisórios estão coerentes com o plano de desenvolvimento institucional (PDI).","A organização e a gestão da instituição, especialmente o funcionamento e representatividade dos colegiados, sua independência e autonomia na...","Likert",TRUE
"Q2","Docentes","E4D6P84","E4D6P84",84,"Eixo 4","E4","EIXO 4 – POLÍTICAS DE GESTÃO","D6","Dimensão 6: Organização e Gestão da Instituição","A gestão institucional está alinhada às diretrizes e ações previstas no Plano de Desenvolvimento Institucional (PDI).","A gestão institucional está alinhada às diretrizes e ações previstas no Plano de Desenvolvimento Institucional.","Likert",TRUE
"Q2","Docentes","E4D6P85","E4D6P85",85,"Eixo 4","E4","EIXO 4 – POLÍTICAS DE GESTÃO","D6","Dimensão 6: Organização e Gestão da Instituição","Os representantes dos Conselhos Superiores cumprem os dispositivos regimentais e estatutários.","Os representantes dos Conselhos Superiores cumprem os dispositivos regimentais e estatutários.","Likert",TRUE
"Q2","Docentes","E4D6P86","E4D6P86",86,"Eixo 4","E4","EIXO 4 – POLÍTICAS DE GESTÃO","D6","Dimensão 6: Organização e Gestão da Instituição","O funcionamento e a representatividade nos colegiados de curso, cumprem os dispositivos regimentais e estatutários.","O funcionamento e a representatividade nos colegiados de curso, cumprem os dispositivos regimentais e estatutários.","Likert",TRUE
"Q2","Docentes","E4D6P87","E4D6P87",87,"Eixo 4","E4","EIXO 4 – POLÍTICAS DE GESTÃO","D6","Dimensão 6: Organização e Gestão da Instituição","A política de gestão de pessoal da instituição é transparente e de conhecimento dos servidores (docentes/ agentes universitários).","A política de gestão de pessoal da instituição é transparente e de conhecimento dos servidores.","Likert",TRUE
"Q2","Docentes","E4D6P88","E4D6P88",88,"Eixo 4","E4","EIXO 4 – POLÍTICAS DE GESTÃO","D6","Dimensão 6: Organização e Gestão da Instituição","Os processos de avaliação de desempenho (docentes/ agentes universitários), vinculados ao plano de carreira, são claros, objetivos e realizados de forma regular.","Os processos de avaliação de desempenho, vinculados ao plano de carreira, são claros, objetivos e realizados de forma regular.","Likert",TRUE
"Q2","Docentes","E4D6P89","E4D6P89",89,"Eixo 4","E4","EIXO 4 – POLÍTICAS DE GESTÃO","D6","Dimensão 6: Organização e Gestão da Instituição","A instituição oferece oportunidades de capacitação e desenvolvimento profissional para docentes e/ou agentes universitários.","A instituição oferece oportunidades de capacitação e desenvolvimento profissional para docentes e/ou agentes universitários.","Likert",TRUE
"Q2","Docentes","E4D6P90","E4D6P90",90,"Eixo 4","E4","EIXO 4 – POLÍTICAS DE GESTÃO","D6","Dimensão 6: Organização e Gestão da Instituição","Sinto-me estimulado a participar de cursos, eventos e formação continuada promovidos ou apoiados pela UNIOESTE.","Sinto-me estimulado a participar de cursos, eventos e formação continuada promovidos ou apoiados pela UNIOESTE.","Likert",TRUE
"Q2","Docentes","E4D6P91","E4D6P91",91,"Eixo 4","E4","EIXO 4 – POLÍTICAS DE GESTÃO","D6","Dimensão 6: Organização e Gestão da Instituição","A distribuição de atividades didático-pedagógicas e administrativas respeita a carga horária e a complexidade das tarefas.","A distribuição de atividades didático-pedagógicas e administrativas respeita a carga horária e a complexidade das tarefas.","Likert",TRUE
"Q2","Docentes","E4D6P92","E4D6P92",92,"Eixo 4","E4","EIXO 4 – POLÍTICAS DE GESTÃO","D6","Dimensão 6: Organização e Gestão da Instituição","A gestão institucional, dentro de suas esferas (colegiados, centros, campi, reitoria e HUOP), promove um ambiente de trabalho saudável, colaborativo e respeitoso.","A gestão institucional, dentro de suas esferas, promove um ambiente de trabalho saudável, colaborativo e respeitoso.","Likert",TRUE
"Q2","Docentes","E4D10P94","E4D10P94",94,"Eixo 4","E4","EIXO 4 – POLÍTICAS DE GESTÃO","D10","Dimensão 10: Sustentabilidade Financeira","A sustentabilidade financeira da UNIOESTE está coerente com o estabelecido no Plano de Desenvolvimento Institucional (PDI).","A sustentabilidade financeira da UNIOESTE está coerente com o estabelecido no Plano de Desenvolvimento Institucional.","Likert",TRUE
"Q2","Docentes","E4D10P95","E4D10P95",95,"Eixo 4","E4","EIXO 4 – POLÍTICAS DE GESTÃO","D10","Dimensão 10: Sustentabilidade Financeira","Há adequação entre o proposto no Plano de Desenvolvimento Institucional (PDI) a captação de recursos e o orçamento previsto; a compatibilidade entre cursos oferecidos e as verbas e os recursos disponíveis; e o controle entre as despesas efetivas e correntes, de capital e de investimento.","Há adequação entre o proposto no Plano de Desenvolvimento Institucional a captação de recursos e o orçamento previsto; a compatibilidade entre...","Likert",TRUE
"Q2","Docentes","E4D10P96","E4D10P96",96,"Eixo 4","E4","EIXO 4 – POLÍTICAS DE GESTÃO","D10","Dimensão 10: Sustentabilidade Financeira","A instituição apresenta coerência entre o Plano de Desenvolvimento Institucional (PDI), a captação de recursos e o orçamento previsto.","A instituição apresenta coerência entre o Plano de Desenvolvimento Institucional, a captação de recursos e o orçamento previsto.","Likert",TRUE
"Q2","Docentes","E4D10P97","E4D10P97",97,"Eixo 4","E4","EIXO 4 – POLÍTICAS DE GESTÃO","D10","Dimensão 10: Sustentabilidade Financeira","Há compatibilidade entre os cursos oferecidos e os recursos disponíveis, bem como controle adequado das despesas (correntes, de capital e de investimento).","Há compatibilidade entre os cursos oferecidos e os recursos disponíveis, bem como controle adequado das despesas.","Likert",TRUE
"Q2","Docentes","E4D10P98","E4D10P98",98,"Eixo 4","E4","EIXO 4 – POLÍTICAS DE GESTÃO","D10","Dimensão 10: Sustentabilidade Financeira","A instituição busca alternativas de captação de recursos (editais, parcerias, convênios).","A instituição busca alternativas de captação de recursos.","Likert",TRUE
"Q2","Docentes","E4D10P99","E4D10P99",99,"Eixo 4","E4","EIXO 4 – POLÍTICAS DE GESTÃO","D10","Dimensão 10: Sustentabilidade Financeira","A instituição divulga as alternativas de captação de recursos (editais, parcerias, convênios).","A instituição divulga as alternativas de captação de recursos.","Likert",TRUE
"Q2","Docentes","E4D10P100","E4D10P100",100,"Eixo 4","E4","EIXO 4 – POLÍTICAS DE GESTÃO","D10","Dimensão 10: Sustentabilidade Financeira","A gestão orçamentária das Unidades gestoras (Reitoria, Campi - centros e cursos e HUOP)  contribui para a manutenção e melhoria da infraestrutura física e tecnológica.","A gestão orçamentária das Unidades gestoras contribui para a manutenção e melhoria da infraestrutura física e tecnológica.","Likert",TRUE
"Q2","Docentes","E4D10P101","E4D10P101",101,"Eixo 4","E4","EIXO 4 – POLÍTICAS DE GESTÃO","D10","Dimensão 10: Sustentabilidade Financeira","Os recursos financeiros disponíveis são utilizados de forma eficiente para atender as demandas das Unidades gestoras (Reitoria, Campi – centros, cursos e HUOP) no âmbito do ensino, da pesquisa e da extensão","Os recursos financeiros disponíveis são utilizados de forma eficiente para atender as demandas das Unidades gestoras no âmbito do ensino, da...","Likert",TRUE
"Q2","Docentes","E4D10P102","E4D10P102",102,"Eixo 4","E4","EIXO 4 – POLÍTICAS DE GESTÃO","D10","Dimensão 10: Sustentabilidade Financeira","Existe equilíbrio entre os recursos disponíveis e as metas institucionais estabelecidas no Plano de Desenvolvimento Institucional (PDI).","Existe equilíbrio entre os recursos disponíveis e as metas institucionais estabelecidas no Plano de Desenvolvimento Institucional.","Likert",TRUE
"Q2","Docentes","E4D10P103","E4D10P103",103,"Eixo 4","E4","EIXO 4 – POLÍTICAS DE GESTÃO","D10","Dimensão 10: Sustentabilidade Financeira","As atividades de ensino, pesquisa e extensão recebem apoio financeiro para sua realização.","As atividades de ensino, pesquisa e extensão recebem apoio financeiro para sua realização.","Likert",TRUE
"Q2","Docentes","E5D7P105","E5D7P105",105,"Eixo 5","E5","EIXO 5 – INFRAESTRUTURA FÍSICA","D7","Dimensão 7: Infraestrutura Física","A infraestrutura física da UNIOESTE de ensino, pesquisa e extensão está coerente com o estabelecido no Plano de Desenvolvimento Institucional (PDI).","A infraestrutura física da UNIOESTE de ensino, pesquisa e extensão está coerente com o estabelecido no Plano de Desenvolvimento Institucional.","Likert",TRUE
"Q2","Docentes","E5D7P106","E5D7P106",106,"Eixo 5","E5","EIXO 5 – INFRAESTRUTURA FÍSICA","D7","Dimensão 7: Infraestrutura Física","As instalações gerais para a prática de esportes, atividades culturais e de lazer, espaços de convivência existem em quantidade e qualidade adequadas.","As instalações gerais para a prática de esportes, atividades culturais e de lazer, espaços de convivência existem em quantidade e qualidade adequadas.","Likert",TRUE
"Q2","Docentes","E5D7P107","E5D7P107",107,"Eixo 5","E5","EIXO 5 – INFRAESTRUTURA FÍSICA","D7","Dimensão 7: Infraestrutura Física","Os auditórios da instituição são adequados em quantidade e qualidade para atender às demandas de eventos acadêmicos e institucionais.","Os auditórios da instituição são adequados em quantidade e qualidade para atender às demandas de eventos acadêmicos e institucionais.","Likert",TRUE
"Q2","Docentes","E5D7P108","E5D7P108",108,"Eixo 5","E5","EIXO 5 – INFRAESTRUTURA FÍSICA","D7","Dimensão 7: Infraestrutura Física","No que tange ao acervo (físico e/ou digital), serviços e espaço físico da(s) biblioteca(s), podem ser verificadas ações de atualização e ampliação.","No que tange ao acervo, serviços e espaço físico da biblioteca, podem ser verificadas ações de atualização e ampliação.","Likert",TRUE
"Q2","Docentes","E5D7P109","E5D7P109",109,"Eixo 5","E5","EIXO 5 – INFRAESTRUTURA FÍSICA","D7","Dimensão 7: Infraestrutura Física","As salas de aula estão adequadamente equipadas (mobiliário, iluminação, ventilação, acústica).","As salas de aula estão adequadamente equipadas.","Likert",TRUE
"Q2","Docentes","E5D7P110","E5D7P110",110,"Eixo 5","E5","EIXO 5 – INFRAESTRUTURA FÍSICA","D7","Dimensão 7: Infraestrutura Física","Os recursos tecnológicos disponíveis nas salas (projetores, computadores, internet) são suficientes e funcionam adequadamente.","Os recursos tecnológicos disponíveis nas salas são suficientes e funcionam adequadamente.","Likert",TRUE
"Q2","Docentes","E5D7P111","E5D7P111",111,"Eixo 5","E5","EIXO 5 – INFRAESTRUTURA FÍSICA","D7","Dimensão 7: Infraestrutura Física","A quantidade de salas de aula é compatível com a demanda de cursos e turmas.","A quantidade de salas de aula é compatível com a demanda de cursos e turmas.","Likert",TRUE
"Q2","Docentes","E5D7P112","E5D7P112",112,"Eixo 5","E5","EIXO 5 – INFRAESTRUTURA FÍSICA","D7","Dimensão 7: Infraestrutura Física","A biblioteca possui acervo atualizado e suficiente para atender às necessidades dos cursos.","A biblioteca possui acervo atualizado e suficiente para atender às necessidades dos cursos.","Likert",TRUE
"Q2","Docentes","E5D7P113","E5D7P113",113,"Eixo 5","E5","EIXO 5 – INFRAESTRUTURA FÍSICA","D7","Dimensão 7: Infraestrutura Física","Os espaços da biblioteca (salas de estudo, computadores, áreas de leitura) são adequados.","Os espaços da biblioteca são adequados.","Likert",TRUE
"Q2","Docentes","E5D7P114","E5D7P114",114,"Eixo 5","E5","EIXO 5 – INFRAESTRUTURA FÍSICA","D7","Dimensão 7: Infraestrutura Física","O acesso aos serviços e materiais da biblioteca (físicos e digitais) é eficiente.","O acesso aos serviços e materiais da biblioteca é eficiente.","Likert",TRUE
"Q2","Docentes","E5D7P115","E5D7P115",115,"Eixo 5","E5","EIXO 5 – INFRAESTRUTURA FÍSICA","D7","Dimensão 7: Infraestrutura Física","Os laboratórios estão equipados adequadamente para a realização de atividades práticas.","Os laboratórios estão equipados adequadamente para a realização de atividades práticas.","Likert",TRUE
"Q2","Docentes","E5D7P116","E5D7P116",116,"Eixo 5","E5","EIXO 5 – INFRAESTRUTURA FÍSICA","D7","Dimensão 7: Infraestrutura Física","A manutenção dos equipamentos laboratoriais é feita de forma eficiente.","A manutenção dos equipamentos laboratoriais é feita de forma eficiente.","Likert",TRUE
"Q2","Docentes","E5D7P117","E5D7P117",117,"Eixo 5","E5","EIXO 5 – INFRAESTRUTURA FÍSICA","D7","Dimensão 7: Infraestrutura Física","Os laboratórios atendem à demanda de uso dos estudantes e professores.","Os laboratórios atendem à demanda de uso dos estudantes e professores.","Likert",TRUE
"Q2","Docentes","E5D7P118","E5D7P118",118,"Eixo 5","E5","EIXO 5 – INFRAESTRUTURA FÍSICA","D7","Dimensão 7: Infraestrutura Física","Os ambientes virtuais de aprendizagem (Teams, Moodle, entre outros) e sistemas acadêmicos funcionam de forma eficiente.","Os ambientes virtuais de aprendizagem e sistemas acadêmicos funcionam de forma eficiente.","Likert",TRUE
"Q2","Docentes","E5D7P119","E5D7P119",119,"Eixo 5","E5","EIXO 5 – INFRAESTRUTURA FÍSICA","D7","Dimensão 7: Infraestrutura Física","Há suporte técnico e treinamento adequado para o uso das plataformas digitais.","Há suporte técnico e treinamento adequado para o uso das plataformas digitais.","Likert",TRUE
"Q2","Docentes","E5D7P120","E5D7P120",120,"Eixo 5","E5","EIXO 5 – INFRAESTRUTURA FÍSICA","D7","Dimensão 7: Infraestrutura Física","A infraestrutura de internet (Wi-Fi, rede cabeada) atende adequadamente a comunidade acadêmica.","A infraestrutura de internet atende adequadamente a comunidade acadêmica.","Likert",TRUE
"Q2","Docentes","E5D7P121","E5D7P121",121,"Eixo 5","E5","EIXO 5 – INFRAESTRUTURA FÍSICA","D7","Dimensão 7: Infraestrutura Física","Os espaços destinados às atividades administrativas são adequados e funcionais.","Os espaços destinados às atividades administrativas são adequados e funcionais.","Likert",TRUE
"Q2","Docentes","E5D7P122","E5D7P122",122,"Eixo 5","E5","EIXO 5 – INFRAESTRUTURA FÍSICA","D7","Dimensão 7: Infraestrutura Física","A sinalização dos ambientes institucionais facilita a circulação e localização.","A sinalização dos ambientes institucionais facilita a circulação e localização.","Likert",TRUE
"Q2","Docentes","E5D7P123","E5D7P123",123,"Eixo 5","E5","EIXO 5 – INFRAESTRUTURA FÍSICA","D7","Dimensão 7: Infraestrutura Física","Há acessibilidade física nos ambientes da instituição (rampas, elevadores, banheiros adaptados, entre outros).","Há acessibilidade física nos ambientes da instituição.","Likert",TRUE
"Q2","Docentes","E5D7P124","E5D7P124",124,"Eixo 5","E5","EIXO 5 – INFRAESTRUTURA FÍSICA","D7","Dimensão 7: Infraestrutura Física","Os espaços de convivência (pátios, áreas de descanso, centros de vivência) são adequados e acolhedores.","Os espaços de convivência são adequados e acolhedores.","Likert",TRUE
"Q2","Docentes","E5D7P125","E5D7P125",125,"Eixo 5","E5","EIXO 5 – INFRAESTRUTURA FÍSICA","D7","Dimensão 7: Infraestrutura Física","Os serviços de alimentação (restaurante universitário e/ou cantina) são suficientes e de qualidade.","Os serviços de alimentação são suficientes e de qualidade.","Likert",TRUE
"Q2","Docentes","E5D7P126","E5D7P126",126,"Eixo 5","E5","EIXO 5 – INFRAESTRUTURA FÍSICA","D7","Dimensão 7: Infraestrutura Física","A infraestrutura dos serviços de saúde (ambulatórios, atendimento psicológico, entre outros) atende às necessidades da comunidade acadêmica.","A infraestrutura dos serviços de saúde atende às necessidades da comunidade acadêmica.","Likert",TRUE
"Q2","Docentes","E5D7P127","E5D7P127",127,"Eixo 5","E5","EIXO 5 – INFRAESTRUTURA FÍSICA","D7","Dimensão 7: Infraestrutura Física","Os ambientes da instituição são limpos e bem conservados.","Os ambientes da instituição são limpos e bem conservados.","Likert",TRUE
"Q2","Docentes","E5D7P128","E5D7P128",128,"Eixo 5","E5","EIXO 5 – INFRAESTRUTURA FÍSICA","D7","Dimensão 7: Infraestrutura Física","A manutenção predial (elétrica, hidráulica, aberturas - janelas e portas) está adequada para o desenvolvimento das ações pedagógicas e administrativas","A manutenção predial está adequada para o desenvolvimento das ações pedagógicas e administrativas","Likert",TRUE
"Q2","Docentes","E5D7P129","E5D7P129",129,"Eixo 5","E5","EIXO 5 – INFRAESTRUTURA FÍSICA","D7","Dimensão 7: Infraestrutura Física","A manutenção predial (pintura) está adequada para o desenvolvimento das ações pedagógicas e administrativas.","A manutenção predial está adequada para o desenvolvimento das ações pedagógicas e administrativas.","Likert",TRUE
"Q2","Docentes","E5D7P130","E5D7P130",130,"Eixo 5","E5","EIXO 5 – INFRAESTRUTURA FÍSICA","D7","Dimensão 7: Infraestrutura Física","Os serviços de segurança patrimonial e vigilância garantem tranquilidade à comunidade.","Os serviços de segurança patrimonial e vigilância garantem tranquilidade à comunidade.","Likert",TRUE
"Q2","Docentes","E5D7P131","E5D7P131",131,"Eixo 5","E5","EIXO 5 – INFRAESTRUTURA FÍSICA","D7","Dimensão 7: Infraestrutura Física","A universidade adota práticas sustentáveis (uso racional de energia, coleta seletiva, reaproveitamento de água).","A universidade adota práticas sustentáveis.","Likert",TRUE
"Q2","Docentes","E5D7P132","E5D7P132",132,"Eixo 5","E5","EIXO 5 – INFRAESTRUTURA FÍSICA","D7","Dimensão 7: Infraestrutura Física","Os ambientes físicos são acessíveis a pessoas com deficiência ou mobilidade reduzida.","Os ambientes físicos são acessíveis a pessoas com deficiência ou mobilidade reduzida.","Likert",TRUE
"Q2","Docentes","E5D11P134","E5D11P134",134,"Eixo 5","E6","Eixo 6 – Políticas de Gestão de Pessoal e Desenvolvimento Humano","D11","Dimensão 11: Políticas de Gestão de Pessoal e Desenvolvimento Humano","O meu ambiente de trabalho proporciona um clima organizacional agradável","O meu ambiente de trabalho proporciona um clima organizacional agradável","Likert",TRUE
"Q2","Docentes","E5D11P135","E5D11P135",135,"Eixo 5","E6","Eixo 6 – Políticas de Gestão de Pessoal e Desenvolvimento Humano","D11","Dimensão 11: Políticas de Gestão de Pessoal e Desenvolvimento Humano","Me sinto satisfeito em trabalhar na UNIOESTE","Me sinto satisfeito em trabalhar na UNIOESTE","Likert",TRUE
"Q2","Docentes","E5D11P136","E5D11P136",136,"Eixo 5","E6","Eixo 6 – Políticas de Gestão de Pessoal e Desenvolvimento Humano","D11","Dimensão 11: Políticas de Gestão de Pessoal e Desenvolvimento Humano","Consigo equilibrar minha vida pessoal e profissional","Consigo equilibrar minha vida pessoal e profissional","Likert",TRUE
"Q2","Docentes","E5D11P137","E5D11P137",137,"Eixo 5","E6","Eixo 6 – Políticas de Gestão de Pessoal e Desenvolvimento Humano","D11","Dimensão 11: Políticas de Gestão de Pessoal e Desenvolvimento Humano","O ambiente onde trabalho permite expressão de diferenças religiosas, étnicas, políticas, de gênero e a pluralidade de ideias","O ambiente onde trabalho permite expressão de diferenças religiosas, étnicas, políticas, de gênero e a pluralidade de ideias","Likert",TRUE
"Q2","Docentes","E5D11P138","E5D11P138",138,"Eixo 5","E6","Eixo 6 – Políticas de Gestão de Pessoal e Desenvolvimento Humano","D11","Dimensão 11: Políticas de Gestão de Pessoal e Desenvolvimento Humano","As relações de trabalho afetam minha saúde mental","As relações de trabalho afetam minha saúde mental","Likert",TRUE
"Q2","Docentes","E5D11P139","E5D11P139",139,"Eixo 5","E6","Eixo 6 – Políticas de Gestão de Pessoal e Desenvolvimento Humano","D11","Dimensão 11: Políticas de Gestão de Pessoal e Desenvolvimento Humano","Me considero uma pessoa fisicamente saudável","Me considero uma pessoa fisicamente saudável","Likert",TRUE
"Q2","Docentes","E5D11P140","E5D11P140",140,"Eixo 5","E6","Eixo 6 – Políticas de Gestão de Pessoal e Desenvolvimento Humano","D11","Dimensão 11: Políticas de Gestão de Pessoal e Desenvolvimento Humano","Sofri assédio moral por parte de colegas ou chefes","Sofri assédio moral por parte de colegas ou chefes","Likert",TRUE
"Q2","Docentes","E5D11P141","E5D11P141",141,"Eixo 5","E6","Eixo 6 – Políticas de Gestão de Pessoal e Desenvolvimento Humano","D11","Dimensão 11: Políticas de Gestão de Pessoal e Desenvolvimento Humano","Recebo suporte pedagógico por parte da instituição para o desenvolvimento de minhas atividades","Recebo suporte pedagógico por parte da instituição para o desenvolvimento de minhas atividades","Likert",TRUE
"Q2","Docentes","E5D11P142","E5D11P142",142,"Eixo 5","E6","Eixo 6 – Políticas de Gestão de Pessoal e Desenvolvimento Humano","D11","Dimensão 11: Políticas de Gestão de Pessoal e Desenvolvimento Humano","Recebo suporte administrativo e de gestão, por parte da instituição, para o desenvolvimento de minhas atividades","Recebo suporte administrativo e de gestão, por parte da instituição, para o desenvolvimento de minhas atividades","Likert",TRUE
"Q2","Docentes","E5D11P143","E5D11P143",143,"Eixo 5","E6","Eixo 6 – Políticas de Gestão de Pessoal e Desenvolvimento Humano","D11","Dimensão 11: Políticas de Gestão de Pessoal e Desenvolvimento Humano","Recebo feedbacks (retornos) de meu desempenho por parte de meu(s) superior(es)","Recebo feedbacks de meu desempenho por parte de meu superior","Likert",TRUE
"Q2","Docentes","E5D11P144","E5D11P144",144,"Eixo 5","E6","Eixo 6 – Políticas de Gestão de Pessoal e Desenvolvimento Humano","D11","Dimensão 11: Políticas de Gestão de Pessoal e Desenvolvimento Humano","O investimento em tecnologias é adequado para o desenvolvimento de meu trabalho","O investimento em tecnologias é adequado para o desenvolvimento de meu trabalho","Likert",TRUE
"Q2","Docentes","E5D11P145","E5D11P145",145,"Eixo 5","E6","Eixo 6 – Políticas de Gestão de Pessoal e Desenvolvimento Humano","D11","Dimensão 11: Políticas de Gestão de Pessoal e Desenvolvimento Humano","A carga horária e as atribuições são compatíveis e permitem realizar um bom trabalho","A carga horária e as atribuições são compatíveis e permitem realizar um bom trabalho","Likert",TRUE
"Q2","Docentes","E5D11P146","E5D11P146",146,"Eixo 5","E6","Eixo 6 – Políticas de Gestão de Pessoal e Desenvolvimento Humano","D11","Dimensão 11: Políticas de Gestão de Pessoal e Desenvolvimento Humano","Disponho de equipamentos de segurança (Equipamentos de proteção individual – EPI’s – jaleco, máscaras, luvas, etc.) necessários para o desenvolvimento de minhas atividades e/ou Ergonomia.","Disponho de equipamentos de segurança necessários para o desenvolvimento de minhas atividades e/ou Ergonomia.","Likert",TRUE
"Q2","Docentes","E5D11P148","E5D11P148",148,"Eixo 5","E6","Eixo 6 – Políticas de Gestão de Pessoal e Desenvolvimento Humano","D11","Dimensão 11: Políticas de Gestão de Pessoal e Desenvolvimento Humano","QUALIDADE GERAL DA UNIOESTE para o ensino, pesquisa e extensão é excelente.","QUALIDADE GERAL DA UNIOESTE para o ensino, pesquisa e extensão é excelente.","Likert",TRUE
"Q2","Docentes","E5D11P149","E5D11P149",149,"Eixo 5","E6","Eixo 6 – Políticas de Gestão de Pessoal e Desenvolvimento Humano","D11","Dimensão 11: Políticas de Gestão de Pessoal e Desenvolvimento Humano","A QUALIDADE GERAL DO MEU CURSO para o ensino, pesquisa e extensão é excelente.","A QUALIDADE GERAL DO MEU CURSO para o ensino, pesquisa e extensão é excelente.","Likert",TRUE
"Q2","Docentes",NA,"E1D8P14",14,"Eixo 1","E1","EIXO 1 – PLANEJAMENTO E AVALIAÇÃO INSTITUCIONAL","D8","Dimensão 8: Planejamento e Avaliação","Descreva aqui suas sugestões para o planejamento e a avaliação institucional da UNIOESTE.","Descreva aqui suas sugestões para o planejamento e a avaliação institucional da UNIOESTE.","Texto (Aberto)",FALSE
"Q2","Docentes",NA,"E2D1P21",21,"Eixo 2","E2","EIXO 2 – DESENVOLVIMENTO INSTITUCIONAL","D1","Dimensão 1: Missão e Plano de Desenvolvimento Institucional (PDI)","Descreva aqui suas sugestões para o Plano de Desenvolvimento Institucional (PDI) da UNIOESTE.","Descreva aqui suas sugestões para o Plano de Desenvolvimento Institucional da UNIOESTE.","Texto (Aberto)",FALSE
"Q2","Docentes",NA,"E2D3P28",28,"Eixo 2","E2","EIXO 2 – DESENVOLVIMENTO INSTITUCIONAL","D3","Dimensão 3: Responsabilidade Social da Instituição","Descreva aqui suas sugestões para a Responsabilidade Social da UNIOESTE.","Descreva aqui suas sugestões para a Responsabilidade Social da UNIOESTE.","Texto (Aberto)",FALSE
"Q2","Docentes",NA,"E3D2P40",40,"Eixo 3","E3","EIXO 3 – POLÍTICAS ACADÊMICAS","D2","Dimensão 2: Políticas para o Ensino, a Pesquisa e a Extensão","Descreva aqui suas sugestões para o ENSINO da UNIOESTE.","Descreva aqui suas sugestões para o ENSINO da UNIOESTE.","Texto (Aberto)",FALSE
"Q2","Docentes",NA,"E3D2P47",47,"Eixo 3","E3","EIXO 3 – POLÍTICAS ACADÊMICAS","D2","Dimensão 2: Políticas para o Ensino, a Pesquisa e a Extensão","Descreva aqui suas sugestões para a PESQUISA da UNIOESTE.","Descreva aqui suas sugestões para a PESQUISA da UNIOESTE.","Texto (Aberto)",FALSE
"Q2","Docentes",NA,"E3D2P53",53,"Eixo 3","E3","EIXO 3 – POLÍTICAS ACADÊMICAS","D2","Dimensão 2: Políticas para o Ensino, a Pesquisa e a Extensão","Descreva aqui suas sugestões para a EXTENSÃO UNIVERSITÁRIA da UNIOESTE.","Descreva aqui suas sugestões para a EXTENSÃO UNIVERSITÁRIA da UNIOESTE.","Texto (Aberto)",FALSE
"Q2","Docentes",NA,"E3D4P63",63,"Eixo 3","E3","EIXO 3 – POLÍTICAS ACADÊMICAS","D4","Dimensão 4: Comunicação com a Sociedade","Descreva aqui suas sugestões para a Comunicação com a comunidade externa (sociedade)","Descreva aqui suas sugestões para a Comunicação com a comunidade externa","Texto (Aberto)",FALSE
"Q2","Docentes",NA,"E3D9P75",75,"Eixo 3","E3","EIXO 3 – POLÍTICAS ACADÊMICAS","D9","Dimensão 9: Atendimento ao Estudante","Descreva aqui suas sugestões para a Política de Atendimento aos Discentes","Descreva aqui suas sugestões para a Política de Atendimento aos Discentes","Texto (Aberto)",FALSE
"Q2","Docentes",NA,"E4D5P82",82,"Eixo 4","E4","EIXO 4 – POLÍTICAS DE GESTÃO","D5","Dimensão 5: Políticas de Pessoal","Descreva aqui suas sugestões para as Políticas de pessoal.","Descreva aqui suas sugestões para as Políticas de pessoal.","Texto (Aberto)",FALSE
"Q2","Docentes",NA,"E4D6P93",93,"Eixo 4","E4","EIXO 4 – POLÍTICAS DE GESTÃO","D6","Dimensão 6: Organização e Gestão da Instituição","Descreva aqui suas sugestões para as Políticas de gestão","Descreva aqui suas sugestões para as Políticas de gestão","Texto (Aberto)",FALSE
"Q2","Docentes",NA,"E4D10P104",104,"Eixo 4","E4","EIXO 4 – POLÍTICAS DE GESTÃO","D10","Dimensão 10: Sustentabilidade Financeira","Descreva aqui suas sugestões para a Sustentabilidade Financeira da UNIOESTE.","Descreva aqui suas sugestões para a Sustentabilidade Financeira da UNIOESTE.","Texto (Aberto)",FALSE
"Q2","Docentes",NA,"E5D7P133",133,"Eixo 5","E5","EIXO 5 – INFRAESTRUTURA FÍSICA","D7","Dimensão 7: Infraestrutura Física","Descreva aqui suas sugestões para a INFRAESTRUTURA","Descreva aqui suas sugestões para a INFRAESTRUTURA","Texto (Aberto)",FALSE
"Q2","Docentes",NA,"E5D11P147",147,"Eixo 5","E6","Eixo 6 – Políticas de Gestão de Pessoal e Desenvolvimento Humano","D11","Dimensão 11: Políticas de Gestão de Pessoal e Desenvolvimento Humano","Descreva aqui suas sugestões para aperfeiçoamento do ambiente de trabalho na UNIOESTE","Descreva aqui suas sugestões para aperfeiçoamento do ambiente de trabalho na UNIOESTE","Texto (Aberto)",FALSE
"Q3","Agentes Universitários","ID","ID",NA,"Perfil / Demográfico","DEMO","Perfil do Respondente / Demografia","DEMO","Dados Demográficos","ID","ID","Demográfico",TRUE
"Q3","Agentes Universitários","Informe a categoria pela qual você está respondendo este questionário, considerando sua vinculação com a Unioeste.","Informe a categoria pela qual você está respondendo este questionário, considerando sua vinculação com a Unioeste.",NA,"Perfil / Demográfico","DEMO","Perfil do Respondente / Demografia","DEMO","Dados Demográficos","Informe a categoria pela qual você está respondendo este questionário, considerando sua vinculação com a Unioeste.","Informe a categoria pela qual você está respondendo este questionário, considerando sua vinculação com a Unioeste.","Demográfico",TRUE
"Q3","Agentes Universitários","Campus / Unidade ","Campus / Unidade ",NA,"Perfil / Demográfico","DEMO","Perfil do Respondente / Demografia","DEMO","Dados Demográficos","Campus / Unidade ","Campus / Unidade ","Demográfico",TRUE
"Q3","Agentes Universitários","E1D8P3","E1D8P3",3,"Eixo 1","E1","EIXO 1 – PLANEJAMENTO E AVALIAÇÃO INSTITUCIONAL","D8","Dimensão 8: Planejamento e Avaliação","O planejamento e a avaliação, especialmente em relação aos processos, resultados e eficácia da autoavaliação institucional da UNIOESTE estão coerentes com o especificado no planejamento institucional (PDI).","O planejamento e a avaliação, especialmente em relação aos processos, resultados e eficácia da autoavaliação institucional da UNIOESTE estão...","Likert",TRUE
"Q3","Agentes Universitários","E1D8P4","E1D8P4",4,"Eixo 1","E1","EIXO 1 – PLANEJAMENTO E AVALIAÇÃO INSTITUCIONAL","D8","Dimensão 8: Planejamento e Avaliação","A Comissão Própria de Avaliação (CPA) está implantada e funciona, há efetiva participação da comunidade interna (professores, estudantes e técnico-administrativos) e externa nos processos de autoavaliação institucional.","A Comissão Própria de Avaliação está implantada e funciona, há efetiva participação da comunidade interna e externa nos processos de autoavaliação...","Likert",TRUE
"Q3","Agentes Universitários","E1D8P5","E1D8P5",5,"Eixo 1","E1","EIXO 1 – PLANEJAMENTO E AVALIAÇÃO INSTITUCIONAL","D8","Dimensão 8: Planejamento e Avaliação","A Comissão Própria de Avaliação (CPA) divulga as análises, os resultados das avaliações, e as informações correspondentes estão acessíveis à comunidade acadêmica.","A Comissão Própria de Avaliação divulga as análises, os resultados das avaliações, e as informações correspondentes estão acessíveis à comunidade...","Likert",TRUE
"Q3","Agentes Universitários","E1D8P6","E1D8P6",6,"Eixo 1","E1","EIXO 1 – PLANEJAMENTO E AVALIAÇÃO INSTITUCIONAL","D8","Dimensão 8: Planejamento e Avaliação","A UNIOESTE implementa ações acadêmico administrativas baseadas nos resultados da autoavaliação e das avaliações externas.","A UNIOESTE implementa ações acadêmico administrativas baseadas nos resultados da autoavaliação e das avaliações externas.","Likert",TRUE
"Q3","Agentes Universitários","E1D8P7","E1D8P7",7,"Eixo 1","E1","EIXO 1 – PLANEJAMENTO E AVALIAÇÃO INSTITUCIONAL","D8","Dimensão 8: Planejamento e Avaliação","A instituição executa ações de planejamento com base nos resultados dos processos internos (Diagnóstico  Avaliativo da CPA e de outros documentos oficiais, e externos (ENADE, Índice Geral de Cursos (IGC), Comissão Especial de Avaliação (CEA)).","A instituição executa ações de planejamento com base nos resultados dos processos internos, Comissão Especial de Avaliação).","Likert",TRUE
"Q3","Agentes Universitários","E1D8P8","E1D8P8",8,"Eixo 1","E1","EIXO 1 – PLANEJAMENTO E AVALIAÇÃO INSTITUCIONAL","D8","Dimensão 8: Planejamento e Avaliação","A Avaliação institucional no âmbito dos SINAES (ENADE, Índice Geral de Cursos (IGC), Comissão Especial de Avaliação (CEA) está sendo fundamental para a melhoria da qualidade dos cursos da UNIOESTE, pois possibilita reflexão sobre a Universidade e sobre as ações dos membros que compõem a comunidade acadêmica (alunos, docentes, agentes universitários e colaboradores).","A Avaliação institucional no âmbito dos SINAES, Comissão Especial de Avaliação está sendo fundamental para a melhoria da qualidade dos cursos da...","Likert",TRUE
"Q3","Agentes Universitários","E2D1P10","E2D1P10",10,"Eixo 2","E2","EIXO 2 – DESENVOLVIMENTO INSTITUCIONAL","D1","Dimensão 1: Missão e Plano de Desenvolvimento Institucional (PDI)","As propostas constantes do planejamento institucional (PDI) estão sendo implementadas de acordo com as funções, os órgãos e os sistemas de gestão.","As propostas constantes do planejamento institucional estão sendo implementadas de acordo com as funções, os órgãos e os sistemas de gestão.","Likert",TRUE
"Q3","Agentes Universitários","E2D1P11","E2D1P11",11,"Eixo 2","E2","EIXO 2 – DESENVOLVIMENTO INSTITUCIONAL","D1","Dimensão 1: Missão e Plano de Desenvolvimento Institucional (PDI)","As propostas constantes do planejamento institucional (PDI) estão sendo implementadas de acordo com as demandas de ações dos cursos.","As propostas constantes do planejamento institucional estão sendo implementadas de acordo com as demandas de ações dos cursos.","Likert",TRUE
"Q3","Agentes Universitários","E2D1P12","E2D1P12",12,"Eixo 2","E2","EIXO 2 – DESENVOLVIMENTO INSTITUCIONAL","D1","Dimensão 1: Missão e Plano de Desenvolvimento Institucional (PDI)","Os resultados da autoavaliação e das avaliações externas (ENADE, Reconhecimento, Renovação de Reconhecimento, Recredenciamento e outros) são utilizados como subsídios para a revisão permanente do planejamento dos cursos e institucional (PDI).","Os resultados da autoavaliação e das avaliações externas são utilizados como subsídios para a revisão permanente do planejamento dos cursos e...","Likert",TRUE
"Q3","Agentes Universitários","E2D1P13","E2D1P13",13,"Eixo 2","E2","EIXO 2 – DESENVOLVIMENTO INSTITUCIONAL","D1","Dimensão 1: Missão e Plano de Desenvolvimento Institucional (PDI)","Os resultados da autoavaliação e das avaliações externas (ENADE, Reconhecimento, Renovação de Reconhecimento, Recredenciamento e outros) geram ações acadêmicas e administrativas que visam melhorias para os cursos e para a UNIOESTE.","Os resultados da autoavaliação e das avaliações externas geram ações acadêmicas e administrativas que visam melhorias para os cursos e para a...","Likert",TRUE
"Q3","Agentes Universitários","E2D1P14","E2D1P14",14,"Eixo 2","E2","EIXO 2 – DESENVOLVIMENTO INSTITUCIONAL","D1","Dimensão 1: Missão e Plano de Desenvolvimento Institucional (PDI)","A Unioeste deveria ofertar novos cursos de graduação.","A Unioeste deveria ofertar novos cursos de graduação.","Likert",TRUE
"Q3","Agentes Universitários","E2D1P15","E2D1P15",15,"Eixo 2","E2","EIXO 2 – DESENVOLVIMENTO INSTITUCIONAL","D1","Dimensão 1: Missão e Plano de Desenvolvimento Institucional (PDI)","A Unioeste deveria ofertar novos cursos de pós-graduação.","A Unioeste deveria ofertar novos cursos de pós-graduação.","Likert",TRUE
"Q3","Agentes Universitários","E2D1P16","E2D1P16",16,"Eixo 2","E2","EIXO 2 – DESENVOLVIMENTO INSTITUCIONAL","D1","Dimensão 1: Missão e Plano de Desenvolvimento Institucional (PDI)","Descreva aqui suas sugestões para o Plano de Desenvolvimento Institucional (PDI) da UNIOESTE.","Descreva aqui suas sugestões para o Plano de Desenvolvimento Institucional da UNIOESTE.","Texto (Aberto)",TRUE
"Q3","Agentes Universitários","E2D3P17","E2D3P17",17,"Eixo 2","E2","EIXO 2 – DESENVOLVIMENTO INSTITUCIONAL","D3","Dimensão 3: Responsabilidade Social da Instituição","A Missão da UNIOESTE como instituição pública multicampi (de produzir, sistematizar e socializar o conhecimento, contribuir com o desenvolvimento humano, científico, tecnológico e regional, e comprometer-se com a justiça, a democracia, a cidadania e a responsabilidade social) está sendo cumprida.","A Missão da UNIOESTE como instituição pública multicampi está sendo cumprida.","Likert",TRUE
"Q3","Agentes Universitários","E2D3P18","E2D3P18",18,"Eixo 2","E2","EIXO 2 – DESENVOLVIMENTO INSTITUCIONAL","D3","Dimensão 3: Responsabilidade Social da Instituição","A Visão da Universidade de ser referência como universidade pública na produção e socialização do conhecimento, comprometida com a formação de profissionais para atuar com base em princípios éticos para o exercício da cidadania, está sendo alcançada.","A Visão da Universidade de ser referência como universidade pública na produção e socialização do conhecimento, comprometida com a formação de...","Likert",TRUE
"Q3","Agentes Universitários","E2D3P19","E2D3P19",19,"Eixo 2","E2","EIXO 2 – DESENVOLVIMENTO INSTITUCIONAL","D3","Dimensão 3: Responsabilidade Social da Instituição","As ações de responsabilidade e inclusão social praticadas pela UNIOESTE estão coerentes com o planejamento (PDI) e executado nos documentos oficiais.","As ações de responsabilidade e inclusão social praticadas pela UNIOESTE estão coerentes com o planejamento e executado nos documentos oficiais.","Likert",TRUE
"Q3","Agentes Universitários","E2D3P20","E2D3P20",20,"Eixo 2","E2","EIXO 2 – DESENVOLVIMENTO INSTITUCIONAL","D3","Dimensão 3: Responsabilidade Social da Instituição","As relações da UNIOESTE com os setores da sociedade, incluindo ações para o desenvolvimento socioeconômico e educacional, estão sendo implantadas e acompanhadas.","As relações da UNIOESTE com os setores da sociedade, incluindo ações para o desenvolvimento socioeconômico e educacional, estão sendo implantadas...","Likert",TRUE
"Q3","Agentes Universitários","E2D3P21","E2D3P21",21,"Eixo 2","E2","EIXO 2 – DESENVOLVIMENTO INSTITUCIONAL","D3","Dimensão 3: Responsabilidade Social da Instituição","As ações da UNIOESTE, com vistas à inclusão social, resultam de diretrizes institucionais (PDI) e estão sendo implantadas e acompanhadas.","As ações da UNIOESTE, com vistas à inclusão social, resultam de diretrizes institucionais e estão sendo implantadas e acompanhadas.","Likert",TRUE
"Q3","Agentes Universitários","E2D3P22","E2D3P22",22,"Eixo 2","E2","EIXO 2 – DESENVOLVIMENTO INSTITUCIONAL","D3","Dimensão 3: Responsabilidade Social da Instituição","As ações da UNIOESTE, com vistas à defesa do meio ambiente, do patrimônio cultural e da produção artística, resultam de diretrizes institucionais (PDI) e estão sendo implantadas e acompanhadas.","As ações da UNIOESTE, com vistas à defesa do meio ambiente, do patrimônio cultural e da produção artística, resultam de diretrizes institucionais...","Likert",TRUE
"Q3","Agentes Universitários","E2D2P24","E2D2P24",24,"Eixo 2","E2","EIXO 2 – DESENVOLVIMENTO INSTITUCIONAL","D2","Dimensão 2: Políticas para o Ensino, a Pesquisa e a Extensão","As políticas de ensino, pesquisa e extensão praticadas pela UNIOESTE estão coerentes com o plano de desenvolvimento institucional (PDI).","As políticas de ensino, pesquisa e extensão praticadas pela UNIOESTE estão coerentes com o plano de desenvolvimento institucional.","Likert",TRUE
"Q3","Agentes Universitários","E2D2P25","E2D2P25",25,"Eixo 2","E2","EIXO 2 – DESENVOLVIMENTO INSTITUCIONAL","D2","Dimensão 2: Políticas para o Ensino, a Pesquisa e a Extensão","As atividades realizadas nos cursos de graduação na modalidade PRESENCIAL, garantem a qualidade desses cursos.","As atividades realizadas nos cursos de graduação na modalidade PRESENCIAL, garantem a qualidade desses cursos.","Likert",TRUE
"Q3","Agentes Universitários","E2D2P26","E2D2P26",26,"Eixo 2","E2","EIXO 2 – DESENVOLVIMENTO INSTITUCIONAL","D2","Dimensão 2: Políticas para o Ensino, a Pesquisa e a Extensão","As atividades planejadas e realizadas nos cursos PRESENCIAIS de pós-graduação (lato sensu e stricto sensu) garantem a qualidade desses cursos.","As atividades planejadas e realizadas nos cursos PRESENCIAIS de pós-graduação garantem a qualidade desses cursos.","Likert",TRUE
"Q3","Agentes Universitários","E2D2P27","E2D2P27",27,"Eixo 2","E2","EIXO 2 – DESENVOLVIMENTO INSTITUCIONAL","D2","Dimensão 2: Políticas para o Ensino, a Pesquisa e a Extensão","As atividades de pesquisa e de iniciação científica implantadas são acompanhadas, com participação de professores e de estudantes.","As atividades de pesquisa e de iniciação científica implantadas são acompanhadas, com participação de professores e de estudantes.","Likert",TRUE
"Q3","Agentes Universitários","E2D2P28","E2D2P28",28,"Eixo 2","E2","EIXO 2 – DESENVOLVIMENTO INSTITUCIONAL","D2","Dimensão 2: Políticas para o Ensino, a Pesquisa e a Extensão","As atividades de extensão implantadas são acompanhadas com participação de professores e de estudantes.","As atividades de extensão implantadas são acompanhadas com participação de professores e de estudantes.","Likert",TRUE
"Q3","Agentes Universitários","E2D2P29","E2D2P29",29,"Eixo 2","E2","EIXO 2 – DESENVOLVIMENTO INSTITUCIONAL","D2","Dimensão 2: Políticas para o Ensino, a Pesquisa e a Extensão","As atividades de extensão possuem relevância acadêmica, científica e social no entorno institucional, e estão vinculadas com a formação acadêmica dos alunos.","As atividades de extensão possuem relevância acadêmica, científica e social no entorno institucional, e estão vinculadas com a formação acadêmica...","Likert",TRUE
"Q3","Agentes Universitários","E2D2P30","E2D2P30",30,"Eixo 2","E2","EIXO 2 – DESENVOLVIMENTO INSTITUCIONAL","D2","Dimensão 2: Políticas para o Ensino, a Pesquisa e a Extensão","A oferta de bolsas para produção acadêmica (de iniciação científica, de extensão e de monitoria) está de acordo com a demanda dos cursos.","A oferta de bolsas para produção acadêmica está de acordo com a demanda dos cursos.","Likert",TRUE
"Q3","Agentes Universitários","E2D2P31","E2D2P31",31,"Eixo 2","E2","EIXO 2 – DESENVOLVIMENTO INSTITUCIONAL","D2","Dimensão 2: Políticas para o Ensino, a Pesquisa e a Extensão","As políticas institucionais do ensino de graduação possibilitam práticas pedagógicas que consideram os referenciais mínimos de qualidade.","As políticas institucionais do ensino de graduação possibilitam práticas pedagógicas que consideram os referenciais mínimos de qualidade.","Likert",TRUE
"Q3","Agentes Universitários","E2D2P32","E2D2P32",32,"Eixo 2","E2","EIXO 2 – DESENVOLVIMENTO INSTITUCIONAL","D2","Dimensão 2: Políticas para o Ensino, a Pesquisa e a Extensão","A Unioeste promove ações efetivas para a formação docente em termos de qualidade e quantidade","A Unioeste promove ações efetivas para a formação docente em termos de qualidade e quantidade","Likert",TRUE
"Q3","Agentes Universitários","E2D2P33","E2D2P33",33,"Eixo 2","E2","EIXO 2 – DESENVOLVIMENTO INSTITUCIONAL","D2","Dimensão 2: Políticas para o Ensino, a Pesquisa e a Extensão","A Unioeste promove ações de incentivo à internacionalização e à inserção de novas tecnologias no ensino","A Unioeste promove ações de incentivo à internacionalização e à inserção de novas tecnologias no ensino","Likert",TRUE
"Q3","Agentes Universitários","E2D2P35","E2D2P35",35,"Eixo 2","E2","EIXO 2 – DESENVOLVIMENTO INSTITUCIONAL","D2","Dimensão 2: Políticas para o Ensino, a Pesquisa e a Extensão","Existe articulação entre a pesquisa desenvolvida na instituição e os problemas regionais e nacionais.","Existe articulação entre a pesquisa desenvolvida na instituição e os problemas regionais e nacionais.","Likert",TRUE
"Q3","Agentes Universitários","E2D2P37","E2D2P37",37,"Eixo 2","E2","EIXO 2 – DESENVOLVIMENTO INSTITUCIONAL","D2","Dimensão 2: Políticas para o Ensino, a Pesquisa e a Extensão","O apoio institucional para a realização de projetos de extensão é adequado.","O apoio institucional para a realização de projetos de extensão é adequado.","Likert",TRUE
"Q3","Agentes Universitários","E2D2P38","E2D2P38",38,"Eixo 2","E2","EIXO 2 – DESENVOLVIMENTO INSTITUCIONAL","D2","Dimensão 2: Políticas para o Ensino, a Pesquisa e a Extensão","As atividades de extensão são planejadas considerando as demandas sociais e resultam em ações concretas para a comunidade interna e externa.","As atividades de extensão são planejadas considerando as demandas sociais e resultam em ações concretas para a comunidade interna e externa.","Likert",TRUE
"Q3","Agentes Universitários","E2D2P39","E2D2P39",39,"Eixo 2","E2","EIXO 2 – DESENVOLVIMENTO INSTITUCIONAL","D2","Dimensão 2: Políticas para o Ensino, a Pesquisa e a Extensão","A extensão universitária é reconhecida como parte integrante da formação acadêmica e cidadã.","A extensão universitária é reconhecida como parte integrante da formação acadêmica e cidadã.","Likert",TRUE
"Q3","Agentes Universitários","E2D2P40","E2D2P40",40,"Eixo 2","E2","EIXO 2 – DESENVOLVIMENTO INSTITUCIONAL","D2","Dimensão 2: Políticas para o Ensino, a Pesquisa e a Extensão","Existe integração entre extensão, ensino e pesquisa nas práticas institucionais.","Existe integração entre extensão, ensino e pesquisa nas práticas institucionais.","Likert",TRUE
"Q3","Agentes Universitários","E3D4P42","E3D4P42",42,"Eixo 3","E3","EIXO 3 – POLÍTICAS ACADÊMICAS","D4","Dimensão 4: Comunicação com a Sociedade","As ações de comunicação com a sociedade praticadas pela UNIOESTE estão coerentes com o plano de desenvolvimento institucional (PDI).","As ações de comunicação com a sociedade praticadas pela UNIOESTE estão coerentes com o plano de desenvolvimento institucional.","Likert",TRUE
"Q3","Agentes Universitários","E3D4P43","E3D4P43",43,"Eixo 3","E3","EIXO 3 – POLÍTICAS ACADÊMICAS","D4","Dimensão 4: Comunicação com a Sociedade","A comunicação institucional é acessível às comunidades interna e externa e possibilitam a divulgação das ações da UNIOESTE.","A comunicação institucional é acessível às comunidades interna e externa e possibilitam a divulgação das ações da UNIOESTE.","Likert",TRUE
"Q3","Agentes Universitários","E3D4P44","E3D4P44",44,"Eixo 3","E3","EIXO 3 – POLÍTICAS ACADÊMICAS","D4","Dimensão 4: Comunicação com a Sociedade","A ouvidoria institucional atende adequadamente às demandas recebidas.","A ouvidoria institucional atende adequadamente às demandas recebidas.","Likert",TRUE
"Q3","Agentes Universitários","E3D4P45","E3D4P45",45,"Eixo 3","E3","EIXO 3 – POLÍTICAS ACADÊMICAS","D4","Dimensão 4: Comunicação com a Sociedade","As instâncias acadêmicas e administrativas fazem os devidos encaminhamentos das demandas recebidas da Ouvidoria Institucional.","As instâncias acadêmicas e administrativas fazem os devidos encaminhamentos das demandas recebidas da Ouvidoria Institucional.","Likert",TRUE
"Q3","Agentes Universitários","E3D4P46","E3D4P46",46,"Eixo 3","E3","EIXO 3 – POLÍTICAS ACADÊMICAS","D4","Dimensão 4: Comunicação com a Sociedade","Os canais de comunicação institucionais permitem o diálogo e a escuta das demandas da comunidade externa (sociedade).","Os canais de comunicação institucionais permitem o diálogo e a escuta das demandas da comunidade externa.","Likert",TRUE
"Q3","Agentes Universitários","E3D4P47","E3D4P47",47,"Eixo 3","E3","EIXO 3 – POLÍTICAS ACADÊMICAS","D4","Dimensão 4: Comunicação com a Sociedade","A Unioeste promove eventos e atividades de integração com a comunidade externa.","A Unioeste promove eventos e atividades de integração com a comunidade externa.","Likert",TRUE
"Q3","Agentes Universitários","E3D4P48","E3D4P48",48,"Eixo 3","E3","EIXO 3 – POLÍTICAS ACADÊMICAS","D4","Dimensão 4: Comunicação com a Sociedade","Os resultados das ações de ensino, pesquisa e extensão são compartilhados com a comunidade externa.","Os resultados das ações de ensino, pesquisa e extensão são compartilhados com a comunidade externa.","Likert",TRUE
"Q3","Agentes Universitários","E3D4P49","E3D4P49",49,"Eixo 3","E3","EIXO 3 – POLÍTICAS ACADÊMICAS","D4","Dimensão 4: Comunicação com a Sociedade","A instituição utiliza, de forma eficiente, as mídias digitais e redes sociais para divulgar suas ações para a comunidade externa.","A instituição utiliza, de forma eficiente, as mídias digitais e redes sociais para divulgar suas ações para a comunidade externa.","Likert",TRUE
"Q3","Agentes Universitários","E3D4P50","E3D4P50",50,"Eixo 3","E3","EIXO 3 – POLÍTICAS ACADÊMICAS","D4","Dimensão 4: Comunicação com a Sociedade","A imagem da Unioeste é divulgada de forma ética e coerente, alinhada com a missão institucional.","A imagem da Unioeste é divulgada de forma ética e coerente, alinhada com a missão institucional.","Likert",TRUE
"Q3","Agentes Universitários","E3D9P52","E3D9P52",52,"Eixo 3","E3","EIXO 3 – POLÍTICAS ACADÊMICAS","D9","Dimensão 9: Atendimento ao Estudante","As políticas de atendimento aos discentes da UNIOESTE estão coerentes com as especificadas no plano de desenvolvimento institucional (PDI).","As políticas de atendimento aos discentes da UNIOESTE estão coerentes com as especificadas no plano de desenvolvimento institucional.","Likert",TRUE
"Q3","Agentes Universitários","E3D9P53","E3D9P53",53,"Eixo 3","E3","EIXO 3 – POLÍTICAS ACADÊMICAS","D9","Dimensão 9: Atendimento ao Estudante","Em relação às Condições institucionais de atendimento ao discente, se verifica a adequação das políticas de acesso, seleção e permanência de estudantes (critérios utilizados, acompanhamento pedagógico, espaço de participação e de convivência) praticadas pela UNIOESTE e há relação com as políticas públicas e com o contexto social.","Em relação às Condições institucionais de atendimento ao discente, se verifica a adequação das políticas de acesso, seleção e permanência de...","Likert",TRUE
"Q3","Agentes Universitários","E3D9P54","E3D9P54",54,"Eixo 3","E3","EIXO 3 – POLÍTICAS ACADÊMICAS","D9","Dimensão 9: Atendimento ao Estudante","A UNIOESTE desenvolve estratégias para acompanhar os egressos e seus empregadores à permanente atualização profissional, melhoria curricular, de formação profissional, ou cursos de pós-graduação (entre outros) que visem o aumento de empregabilidade e salários dos ex-alunos.","A UNIOESTE desenvolve estratégias para acompanhar os egressos e seus empregadores à permanente atualização profissional, melhoria curricular, de...","Likert",TRUE
"Q3","Agentes Universitários","E3D9P55","E3D9P55",55,"Eixo 3","E3","EIXO 3 – POLÍTICAS ACADÊMICAS","D9","Dimensão 9: Atendimento ao Estudante","Os setores administrativos prestam atendimento eficiente e respeitoso aos alunos.","Os setores administrativos prestam atendimento eficiente e respeitoso aos alunos.","Likert",TRUE
"Q3","Agentes Universitários","E4D5P57","E4D5P57",57,"Eixo 4","E4","EIXO 4 – POLÍTICAS DE GESTÃO","D5","Dimensão 5: Políticas de Pessoal","As políticas de desenvolvimento profissional e as condições de trabalho praticadas pelas UNIOESTE estão coerentes com as políticas firmadas no Plano de desenvolvimento Institucional (PDI).","As políticas de desenvolvimento profissional e as condições de trabalho praticadas pelas UNIOESTE estão coerentes com as políticas firmadas no...","Likert",TRUE
"Q3","Agentes Universitários","E4D5P58","E4D5P58",58,"Eixo 4","E4","EIXO 4 – POLÍTICAS DE GESTÃO","D5","Dimensão 5: Políticas de Pessoal","As políticas de capacitação e de acompanhamento do trabalho docente implementadas na UNIOESTE estão em consonância com a legislação vigente.","As políticas de capacitação e de acompanhamento do trabalho docente implementadas na UNIOESTE estão em consonância com a legislação vigente.","Likert",TRUE
"Q3","Agentes Universitários","E4D5P59","E4D5P59",59,"Eixo 4","E4","EIXO 4 – POLÍTICAS DE GESTÃO","D5","Dimensão 5: Políticas de Pessoal","A estrutura organizacional é adequada para atender às demandas de ensino, pesquisa, extensão e de gestão.","A estrutura organizacional é adequada para atender às demandas de ensino, pesquisa, extensão e de gestão.","Likert",TRUE
"Q3","Agentes Universitários","E4D5P60","E4D5P60",60,"Eixo 4","E4","EIXO 4 – POLÍTICAS DE GESTÃO","D5","Dimensão 5: Políticas de Pessoal","Os setores administrativos atuam de forma articulada, contribuindo para o bom funcionamento institucional.","Os setores administrativos atuam de forma articulada, contribuindo para o bom funcionamento institucional.","Likert",TRUE
"Q3","Agentes Universitários","E4D5P61","E4D5P61",61,"Eixo 4","E4","EIXO 4 – POLÍTICAS DE GESTÃO","D5","Dimensão 5: Políticas de Pessoal","A organização interna favorece o trabalho integrado entre os cursos, centros, campus e reitoria.","A organização interna favorece o trabalho integrado entre os cursos, centros, campus e reitoria.","Likert",TRUE
"Q3","Agentes Universitários","E4D5P62","E4D5P62",62,"Eixo 4","E4","EIXO 4 – POLÍTICAS DE GESTÃO","D5","Dimensão 5: Políticas de Pessoal","As informações institucionais são de fácil acesso para a comunidade acadêmica.","As informações institucionais são de fácil acesso para a comunidade acadêmica.","Likert",TRUE
"Q3","Agentes Universitários","E4D6P64","E4D6P64",64,"Eixo 4","E4","EIXO 4 – POLÍTICAS DE GESTÃO","D6","Dimensão 6: Organização e Gestão da Instituição","A organização e a gestão da instituição, especialmente o funcionamento e representatividade dos colegiados, sua independência e autonomia na relação com a mantenedora (SETI), e a participação dos segmentos da comunidade universitária nos processos decisórios estão coerentes com o plano de desenvolvimento institucional (PDI).","A organização e a gestão da instituição, especialmente o funcionamento e representatividade dos colegiados, sua independência e autonomia na...","Likert",TRUE
"Q3","Agentes Universitários","E4D6P65","E4D6P65",65,"Eixo 4","E4","EIXO 4 – POLÍTICAS DE GESTÃO","D6","Dimensão 6: Organização e Gestão da Instituição","A gestão institucional está alinhada às diretrizes e ações previstas no Plano de Desenvolvimento Institucional (PDI).","A gestão institucional está alinhada às diretrizes e ações previstas no Plano de Desenvolvimento Institucional.","Likert",TRUE
"Q3","Agentes Universitários","E4D6P66","E4D6P66",66,"Eixo 4","E4","EIXO 4 – POLÍTICAS DE GESTÃO","D6","Dimensão 6: Organização e Gestão da Instituição","Os representantes dos Conselhos Superiores cumprem os dispositivos regimentais e estatutários.","Os representantes dos Conselhos Superiores cumprem os dispositivos regimentais e estatutários.","Likert",TRUE
"Q3","Agentes Universitários","E4D6P67","E4D6P67",67,"Eixo 4","E4","EIXO 4 – POLÍTICAS DE GESTÃO","D6","Dimensão 6: Organização e Gestão da Instituição","O funcionamento e a representatividade nos colegiados de curso, cumprem os dispositivos regimentais e estatutários.","O funcionamento e a representatividade nos colegiados de curso, cumprem os dispositivos regimentais e estatutários.","Likert",TRUE
"Q3","Agentes Universitários","E4D6P68","E4D6P68",68,"Eixo 4","E4","EIXO 4 – POLÍTICAS DE GESTÃO","D6","Dimensão 6: Organização e Gestão da Instituição","A política de gestão de pessoal da instituição é transparente e de conhecimento dos servidores (docentes/ agentes universitários).","A política de gestão de pessoal da instituição é transparente e de conhecimento dos servidores.","Likert",TRUE
"Q3","Agentes Universitários","E4D6P69","E4D6P69",69,"Eixo 4","E4","EIXO 4 – POLÍTICAS DE GESTÃO","D6","Dimensão 6: Organização e Gestão da Instituição","Os processos de avaliação de desempenho (docentes/ agentes universitários), vinculados ao plano de carreira, são claros, objetivos e realizados de forma regular.","Os processos de avaliação de desempenho, vinculados ao plano de carreira, são claros, objetivos e realizados de forma regular.","Likert",TRUE
"Q3","Agentes Universitários","E4D6P70","E4D6P70",70,"Eixo 4","E4","EIXO 4 – POLÍTICAS DE GESTÃO","D6","Dimensão 6: Organização e Gestão da Instituição","A instituição oferece oportunidades de capacitação e desenvolvimento profissional para docentes e/ou agentes universitários.","A instituição oferece oportunidades de capacitação e desenvolvimento profissional para docentes e/ou agentes universitários.","Likert",TRUE
"Q3","Agentes Universitários","E4D6P71","E4D6P71",71,"Eixo 4","E4","EIXO 4 – POLÍTICAS DE GESTÃO","D6","Dimensão 6: Organização e Gestão da Instituição","Sinto-me estimulado a participar de cursos, eventos e formação continuada promovidos ou apoiados pela UNIOESTE.","Sinto-me estimulado a participar de cursos, eventos e formação continuada promovidos ou apoiados pela UNIOESTE.","Likert",TRUE
"Q3","Agentes Universitários","E4D6P72","E4D6P72",72,"Eixo 4","E4","EIXO 4 – POLÍTICAS DE GESTÃO","D6","Dimensão 6: Organização e Gestão da Instituição","A distribuição de atividades didático-pedagógicas e administrativas respeita a carga horária e a complexidade das tarefas.","A distribuição de atividades didático-pedagógicas e administrativas respeita a carga horária e a complexidade das tarefas.","Likert",TRUE
"Q3","Agentes Universitários","E4D6P73","E4D6P73",73,"Eixo 4","E4","EIXO 4 – POLÍTICAS DE GESTÃO","D6","Dimensão 6: Organização e Gestão da Instituição","A gestão institucional, dentro de suas esferas (colegiados, centros, campi, reitoria e HUOP), promove um ambiente de trabalho saudável, colaborativo e respeitoso.","A gestão institucional, dentro de suas esferas, promove um ambiente de trabalho saudável, colaborativo e respeitoso.","Likert",TRUE
"Q3","Agentes Universitários","E4D10P75","E4D10P75",75,"Eixo 4","E4","EIXO 4 – POLÍTICAS DE GESTÃO","D10","Dimensão 10: Sustentabilidade Financeira","A sustentabilidade financeira da UNIOESTE está coerente com o estabelecido no Plano de Desenvolvimento Institucional (PDI).","A sustentabilidade financeira da UNIOESTE está coerente com o estabelecido no Plano de Desenvolvimento Institucional.","Likert",TRUE
"Q3","Agentes Universitários","E4D10P76","E4D10P76",76,"Eixo 4","E4","EIXO 4 – POLÍTICAS DE GESTÃO","D10","Dimensão 10: Sustentabilidade Financeira","Há adequação entre o proposto no Plano de Desenvolvimento Institucional (PDI) a captação de recursos e o orçamento previsto; a compatibilidade entre cursos oferecidos e as verbas e os recursos disponíveis; e o controle entre as despesas efetivas e correntes, de capital e de investimento.","Há adequação entre o proposto no Plano de Desenvolvimento Institucional a captação de recursos e o orçamento previsto; a compatibilidade entre...","Likert",TRUE
"Q3","Agentes Universitários","E4D10P77","E4D10P77",77,"Eixo 4","E4","EIXO 4 – POLÍTICAS DE GESTÃO","D10","Dimensão 10: Sustentabilidade Financeira","A instituição apresenta coerência entre o Plano de Desenvolvimento Institucional (PDI), a captação de recursos e o orçamento previsto.","A instituição apresenta coerência entre o Plano de Desenvolvimento Institucional, a captação de recursos e o orçamento previsto.","Likert",TRUE
"Q3","Agentes Universitários","E4D10P78","E4D10P78",78,"Eixo 4","E4","EIXO 4 – POLÍTICAS DE GESTÃO","D10","Dimensão 10: Sustentabilidade Financeira","Há compatibilidade entre os cursos oferecidos e os recursos disponíveis, bem como controle adequado das despesas (correntes, de capital e de investimento).","Há compatibilidade entre os cursos oferecidos e os recursos disponíveis, bem como controle adequado das despesas.","Likert",TRUE
"Q3","Agentes Universitários","E4D10P79","E4D10P79",79,"Eixo 4","E4","EIXO 4 – POLÍTICAS DE GESTÃO","D10","Dimensão 10: Sustentabilidade Financeira","A instituição busca alternativas de captação de recursos (editais, parcerias, convênios).","A instituição busca alternativas de captação de recursos.","Likert",TRUE
"Q3","Agentes Universitários","E4D10P80","E4D10P80",80,"Eixo 4","E4","EIXO 4 – POLÍTICAS DE GESTÃO","D10","Dimensão 10: Sustentabilidade Financeira","A instituição divulga as alternativas de captação de recursos (editais, parcerias, convênios).","A instituição divulga as alternativas de captação de recursos.","Likert",TRUE
"Q3","Agentes Universitários","E4D10P81","E4D10P81",81,"Eixo 4","E4","EIXO 4 – POLÍTICAS DE GESTÃO","D10","Dimensão 10: Sustentabilidade Financeira","A gestão orçamentária das Unidades gestoras (Reitoria, Campi - centros e cursos e HUOP)  contribui para a manutenção e melhoria da infraestrutura física e tecnológica.","A gestão orçamentária das Unidades gestoras contribui para a manutenção e melhoria da infraestrutura física e tecnológica.","Likert",TRUE
"Q3","Agentes Universitários","E4D10P82","E4D10P82",82,"Eixo 4","E4","EIXO 4 – POLÍTICAS DE GESTÃO","D10","Dimensão 10: Sustentabilidade Financeira","Os recursos financeiros disponíveis são utilizados de forma eficiente para atender as demandas das Unidades gestoras (Reitoria, Campi – centros, cursos e HUOP) no âmbito do ensino, da pesquisa e da extensão","Os recursos financeiros disponíveis são utilizados de forma eficiente para atender as demandas das Unidades gestoras no âmbito do ensino, da...","Likert",TRUE
"Q3","Agentes Universitários","E4D10P83","E4D10P83",83,"Eixo 4","E4","EIXO 4 – POLÍTICAS DE GESTÃO","D10","Dimensão 10: Sustentabilidade Financeira","Existe equilíbrio entre os recursos disponíveis e as metas institucionais estabelecidas no Plano de Desenvolvimento Institucional (PDI).","Existe equilíbrio entre os recursos disponíveis e as metas institucionais estabelecidas no Plano de Desenvolvimento Institucional.","Likert",TRUE
"Q3","Agentes Universitários","E4D10P84","E4D10P84",84,"Eixo 4","E4","EIXO 4 – POLÍTICAS DE GESTÃO","D10","Dimensão 10: Sustentabilidade Financeira","As atividades de ensino, pesquisa e extensão recebem apoio financeiro para sua realização.","As atividades de ensino, pesquisa e extensão recebem apoio financeiro para sua realização.","Likert",TRUE
"Q3","Agentes Universitários","E5D7P86","E5D7P86",86,"Eixo 5","E5","EIXO 5 – INFRAESTRUTURA FÍSICA","D7","Dimensão 7: Infraestrutura Física","A infraestrutura física da UNIOESTE de ensino, pesquisa e extensão está coerente com o estabelecido no Plano de Desenvolvimento Institucional (PDI).","A infraestrutura física da UNIOESTE de ensino, pesquisa e extensão está coerente com o estabelecido no Plano de Desenvolvimento Institucional.","Likert",TRUE
"Q3","Agentes Universitários","E5D7P87","E5D7P87",87,"Eixo 5","E5","EIXO 5 – INFRAESTRUTURA FÍSICA","D7","Dimensão 7: Infraestrutura Física","As instalações gerais para a prática de esportes, atividades culturais e de lazer, espaços de convivência existem em quantidade e qualidade adequadas.","As instalações gerais para a prática de esportes, atividades culturais e de lazer, espaços de convivência existem em quantidade e qualidade adequadas.","Likert",TRUE
"Q3","Agentes Universitários","E5D7P88","E5D7P88",88,"Eixo 5","E5","EIXO 5 – INFRAESTRUTURA FÍSICA","D7","Dimensão 7: Infraestrutura Física","Os auditórios da instituição são adequados em quantidade e qualidade para atender às demandas de eventos acadêmicos e institucionais.","Os auditórios da instituição são adequados em quantidade e qualidade para atender às demandas de eventos acadêmicos e institucionais.","Likert",TRUE
"Q3","Agentes Universitários","E5D7P89","E5D7P89",89,"Eixo 5","E5","EIXO 5 – INFRAESTRUTURA FÍSICA","D7","Dimensão 7: Infraestrutura Física","No que tange ao acervo (físico e/ou digital), serviços e espaço físico da(s) biblioteca(s), podem ser verificadas ações de atualização e ampliação.","No que tange ao acervo, serviços e espaço físico da biblioteca, podem ser verificadas ações de atualização e ampliação.","Likert",TRUE
"Q3","Agentes Universitários","E5D7P90","E5D7P90",90,"Eixo 5","E5","EIXO 5 – INFRAESTRUTURA FÍSICA","D7","Dimensão 7: Infraestrutura Física","As salas de aula estão adequadamente equipadas (mobiliário, iluminação, ventilação, acústica).","As salas de aula estão adequadamente equipadas.","Likert",TRUE
"Q3","Agentes Universitários","E5D7P91","E5D7P91",91,"Eixo 5","E5","EIXO 5 – INFRAESTRUTURA FÍSICA","D7","Dimensão 7: Infraestrutura Física","Os recursos tecnológicos disponíveis nas salas (projetores, computadores, internet) são suficientes e funcionam adequadamente.","Os recursos tecnológicos disponíveis nas salas são suficientes e funcionam adequadamente.","Likert",TRUE
"Q3","Agentes Universitários","E5D7P92","E5D7P92",92,"Eixo 5","E5","EIXO 5 – INFRAESTRUTURA FÍSICA","D7","Dimensão 7: Infraestrutura Física","A quantidade de salas de aula é compatível com a demanda de cursos e turmas.","A quantidade de salas de aula é compatível com a demanda de cursos e turmas.","Likert",TRUE
"Q3","Agentes Universitários","E5D7P93","E5D7P93",93,"Eixo 5","E5","EIXO 5 – INFRAESTRUTURA FÍSICA","D7","Dimensão 7: Infraestrutura Física","A biblioteca possui acervo atualizado e suficiente para atender às necessidades dos cursos.","A biblioteca possui acervo atualizado e suficiente para atender às necessidades dos cursos.","Likert",TRUE
"Q3","Agentes Universitários","E5D7P94","E5D7P94",94,"Eixo 5","E5","EIXO 5 – INFRAESTRUTURA FÍSICA","D7","Dimensão 7: Infraestrutura Física","Os espaços da biblioteca (salas de estudo, computadores, áreas de leitura) são adequados.","Os espaços da biblioteca são adequados.","Likert",TRUE
"Q3","Agentes Universitários","E5D7P95","E5D7P95",95,"Eixo 5","E5","EIXO 5 – INFRAESTRUTURA FÍSICA","D7","Dimensão 7: Infraestrutura Física","O acesso aos serviços e materiais da biblioteca (físicos e digitais) é eficiente.","O acesso aos serviços e materiais da biblioteca é eficiente.","Likert",TRUE
"Q3","Agentes Universitários","E5D7P96","E5D7P96",96,"Eixo 5","E5","EIXO 5 – INFRAESTRUTURA FÍSICA","D7","Dimensão 7: Infraestrutura Física","Os laboratórios estão equipados adequadamente para a realização de atividades práticas.","Os laboratórios estão equipados adequadamente para a realização de atividades práticas.","Likert",TRUE
"Q3","Agentes Universitários","E5D7P97","E5D7P97",97,"Eixo 5","E5","EIXO 5 – INFRAESTRUTURA FÍSICA","D7","Dimensão 7: Infraestrutura Física","A manutenção dos equipamentos laboratoriais é feita de forma eficiente.","A manutenção dos equipamentos laboratoriais é feita de forma eficiente.","Likert",TRUE
"Q3","Agentes Universitários","E5D7P98","E5D7P98",98,"Eixo 5","E5","EIXO 5 – INFRAESTRUTURA FÍSICA","D7","Dimensão 7: Infraestrutura Física","Os laboratórios atendem à demanda de uso dos estudantes e professores.","Os laboratórios atendem à demanda de uso dos estudantes e professores.","Likert",TRUE
"Q3","Agentes Universitários","E5D7P99","E5D7P99",99,"Eixo 5","E5","EIXO 5 – INFRAESTRUTURA FÍSICA","D7","Dimensão 7: Infraestrutura Física","Os ambientes virtuais de aprendizagem (Teams, Moodle, entre outros) e sistemas acadêmicos funcionam de forma eficiente.","Os ambientes virtuais de aprendizagem e sistemas acadêmicos funcionam de forma eficiente.","Likert",TRUE
"Q3","Agentes Universitários","E5D7P100","E5D7P100",100,"Eixo 5","E5","EIXO 5 – INFRAESTRUTURA FÍSICA","D7","Dimensão 7: Infraestrutura Física","Há suporte técnico e treinamento adequado para o uso das plataformas digitais.","Há suporte técnico e treinamento adequado para o uso das plataformas digitais.","Likert",TRUE
"Q3","Agentes Universitários","E5D7P101","E5D7P101",101,"Eixo 5","E5","EIXO 5 – INFRAESTRUTURA FÍSICA","D7","Dimensão 7: Infraestrutura Física","A infraestrutura de internet (Wi-Fi, rede cabeada) atende adequadamente a comunidade acadêmica.","A infraestrutura de internet atende adequadamente a comunidade acadêmica.","Likert",TRUE
"Q3","Agentes Universitários","E5D7P102","E5D7P102",102,"Eixo 5","E5","EIXO 5 – INFRAESTRUTURA FÍSICA","D7","Dimensão 7: Infraestrutura Física","Os espaços destinados às atividades administrativas são adequados e funcionais.","Os espaços destinados às atividades administrativas são adequados e funcionais.","Likert",TRUE
"Q3","Agentes Universitários","E5D7P103","E5D7P103",103,"Eixo 5","E5","EIXO 5 – INFRAESTRUTURA FÍSICA","D7","Dimensão 7: Infraestrutura Física","A sinalização dos ambientes institucionais facilita a circulação e localização.","A sinalização dos ambientes institucionais facilita a circulação e localização.","Likert",TRUE
"Q3","Agentes Universitários","E5D7P104","E5D7P104",104,"Eixo 5","E5","EIXO 5 – INFRAESTRUTURA FÍSICA","D7","Dimensão 7: Infraestrutura Física","Há acessibilidade física nos ambientes da instituição (rampas, elevadores, banheiros adaptados, entre outros).","Há acessibilidade física nos ambientes da instituição.","Likert",TRUE
"Q3","Agentes Universitários","E5D7P105","E5D7P105",105,"Eixo 5","E5","EIXO 5 – INFRAESTRUTURA FÍSICA","D7","Dimensão 7: Infraestrutura Física","Os espaços de convivência (pátios, áreas de descanso, centros de vivência) são adequados e acolhedores.","Os espaços de convivência são adequados e acolhedores.","Likert",TRUE
"Q3","Agentes Universitários","E5D7P106","E5D7P106",106,"Eixo 5","E5","EIXO 5 – INFRAESTRUTURA FÍSICA","D7","Dimensão 7: Infraestrutura Física","Os serviços de alimentação (restaurante universitário e/ou cantina) são suficientes e de qualidade.","Os serviços de alimentação são suficientes e de qualidade.","Likert",TRUE
"Q3","Agentes Universitários","E5D7P107","E5D7P107",107,"Eixo 5","E5","EIXO 5 – INFRAESTRUTURA FÍSICA","D7","Dimensão 7: Infraestrutura Física","A infraestrutura dos serviços de saúde (ambulatórios, atendimento psicológico, entre outros) atende às necessidades da comunidade acadêmica.","A infraestrutura dos serviços de saúde atende às necessidades da comunidade acadêmica.","Likert",TRUE
"Q3","Agentes Universitários","E5D7P108","E5D7P108",108,"Eixo 5","E5","EIXO 5 – INFRAESTRUTURA FÍSICA","D7","Dimensão 7: Infraestrutura Física","Os ambientes da instituição são limpos e bem conservados.","Os ambientes da instituição são limpos e bem conservados.","Likert",TRUE
"Q3","Agentes Universitários","E5D7P109","E5D7P109",109,"Eixo 5","E5","EIXO 5 – INFRAESTRUTURA FÍSICA","D7","Dimensão 7: Infraestrutura Física","A manutenção predial (elétrica, hidráulica, aberturas - janelas e portas) está adequada para o desenvolvimento das ações pedagógicas e administrativas","A manutenção predial está adequada para o desenvolvimento das ações pedagógicas e administrativas","Likert",TRUE
"Q3","Agentes Universitários","E5D7P110","E5D7P110",110,"Eixo 5","E5","EIXO 5 – INFRAESTRUTURA FÍSICA","D7","Dimensão 7: Infraestrutura Física","A manutenção predial (pintura) está adequada para o desenvolvimento das ações pedagógicas e administrativas.","A manutenção predial está adequada para o desenvolvimento das ações pedagógicas e administrativas.","Likert",TRUE
"Q3","Agentes Universitários","E5D7P111","E5D7P111",111,"Eixo 5","E5","EIXO 5 – INFRAESTRUTURA FÍSICA","D7","Dimensão 7: Infraestrutura Física","Os serviços de segurança patrimonial e vigilância garantem tranquilidade à comunidade.","Os serviços de segurança patrimonial e vigilância garantem tranquilidade à comunidade.","Likert",TRUE
"Q3","Agentes Universitários","E5D7P112","E5D7P112",112,"Eixo 5","E5","EIXO 5 – INFRAESTRUTURA FÍSICA","D7","Dimensão 7: Infraestrutura Física","A universidade adota práticas sustentáveis (uso racional de energia, coleta seletiva, reaproveitamento de água).","A universidade adota práticas sustentáveis.","Likert",TRUE
"Q3","Agentes Universitários","E5D7P113","E5D7P113",113,"Eixo 5","E5","EIXO 5 – INFRAESTRUTURA FÍSICA","D7","Dimensão 7: Infraestrutura Física","Os ambientes físicos são acessíveis a pessoas com deficiência ou mobilidade reduzida.","Os ambientes físicos são acessíveis a pessoas com deficiência ou mobilidade reduzida.","Likert",TRUE
"Q3","Agentes Universitários","E5D11P115","E5D11P115",115,"Eixo 5","E6","Eixo 6 – Políticas de Gestão de Pessoal e Desenvolvimento Humano","D11","Dimensão 11: Políticas de Gestão de Pessoal e Desenvolvimento Humano","O meu ambiente de trabalho proporciona um clima organizacional agradável","O meu ambiente de trabalho proporciona um clima organizacional agradável","Likert",TRUE
"Q3","Agentes Universitários","E5D11P116","E5D11P116",116,"Eixo 5","E6","Eixo 6 – Políticas de Gestão de Pessoal e Desenvolvimento Humano","D11","Dimensão 11: Políticas de Gestão de Pessoal e Desenvolvimento Humano","Me sinto satisfeito em trabalhar na UNIOESTE","Me sinto satisfeito em trabalhar na UNIOESTE","Likert",TRUE
"Q3","Agentes Universitários","E5D11P117","E5D11P117",117,"Eixo 5","E6","Eixo 6 – Políticas de Gestão de Pessoal e Desenvolvimento Humano","D11","Dimensão 11: Políticas de Gestão de Pessoal e Desenvolvimento Humano","Consigo equilibrar minha vida pessoal e profissional","Consigo equilibrar minha vida pessoal e profissional","Likert",TRUE
"Q3","Agentes Universitários","E5D11P118","E5D11P118",118,"Eixo 5","E6","Eixo 6 – Políticas de Gestão de Pessoal e Desenvolvimento Humano","D11","Dimensão 11: Políticas de Gestão de Pessoal e Desenvolvimento Humano","O ambiente onde trabalho permite expressão de diferenças religiosas, étnicas, políticas, de gênero e a pluralidade de ideias","O ambiente onde trabalho permite expressão de diferenças religiosas, étnicas, políticas, de gênero e a pluralidade de ideias","Likert",TRUE
"Q3","Agentes Universitários","E5D11P119","E5D11P119",119,"Eixo 5","E6","Eixo 6 – Políticas de Gestão de Pessoal e Desenvolvimento Humano","D11","Dimensão 11: Políticas de Gestão de Pessoal e Desenvolvimento Humano","As relações de trabalho afetam minha saúde mental","As relações de trabalho afetam minha saúde mental","Likert",TRUE
"Q3","Agentes Universitários","E5D11P120","E5D11P120",120,"Eixo 5","E6","Eixo 6 – Políticas de Gestão de Pessoal e Desenvolvimento Humano","D11","Dimensão 11: Políticas de Gestão de Pessoal e Desenvolvimento Humano","Me considero uma pessoa fisicamente saudável","Me considero uma pessoa fisicamente saudável","Likert",TRUE
"Q3","Agentes Universitários","E5D11P121","E5D11P121",121,"Eixo 5","E6","Eixo 6 – Políticas de Gestão de Pessoal e Desenvolvimento Humano","D11","Dimensão 11: Políticas de Gestão de Pessoal e Desenvolvimento Humano","Sofri assédio moral por parte de colegas ou chefes","Sofri assédio moral por parte de colegas ou chefes","Likert",TRUE
"Q3","Agentes Universitários","E5D11P122","E5D11P122",122,"Eixo 5","E6","Eixo 6 – Políticas de Gestão de Pessoal e Desenvolvimento Humano","D11","Dimensão 11: Políticas de Gestão de Pessoal e Desenvolvimento Humano","Recebo suporte pedagógico por parte da instituição para o desenvolvimento de minhas atividades","Recebo suporte pedagógico por parte da instituição para o desenvolvimento de minhas atividades","Likert",TRUE
"Q3","Agentes Universitários","E5D11P123","E5D11P123",123,"Eixo 5","E6","Eixo 6 – Políticas de Gestão de Pessoal e Desenvolvimento Humano","D11","Dimensão 11: Políticas de Gestão de Pessoal e Desenvolvimento Humano","Recebo suporte administrativo e de gestão, por parte da instituição, para o desenvolvimento de minhas atividades","Recebo suporte administrativo e de gestão, por parte da instituição, para o desenvolvimento de minhas atividades","Likert",TRUE
"Q3","Agentes Universitários","E5D11P124","E5D11P124",124,"Eixo 5","E6","Eixo 6 – Políticas de Gestão de Pessoal e Desenvolvimento Humano","D11","Dimensão 11: Políticas de Gestão de Pessoal e Desenvolvimento Humano","Recebo feedbacks (retornos) de meu desempenho por parte de meu(s) superior(es)","Recebo feedbacks de meu desempenho por parte de meu superior","Likert",TRUE
"Q3","Agentes Universitários","E5D11P125","E5D11P125",125,"Eixo 5","E6","Eixo 6 – Políticas de Gestão de Pessoal e Desenvolvimento Humano","D11","Dimensão 11: Políticas de Gestão de Pessoal e Desenvolvimento Humano","O investimento em tecnologias é adequado para o desenvolvimento de meu trabalho","O investimento em tecnologias é adequado para o desenvolvimento de meu trabalho","Likert",TRUE
"Q3","Agentes Universitários","E5D11P126","E5D11P126",126,"Eixo 5","E6","Eixo 6 – Políticas de Gestão de Pessoal e Desenvolvimento Humano","D11","Dimensão 11: Políticas de Gestão de Pessoal e Desenvolvimento Humano","A carga horária e as atribuições são compatíveis e permitem realizar um bom trabalho","A carga horária e as atribuições são compatíveis e permitem realizar um bom trabalho","Likert",TRUE
"Q3","Agentes Universitários","E5D11P127","E5D11P127",127,"Eixo 5","E6","Eixo 6 – Políticas de Gestão de Pessoal e Desenvolvimento Humano","D11","Dimensão 11: Políticas de Gestão de Pessoal e Desenvolvimento Humano","Disponho de equipamentos de segurança (Equipamentos de proteção individual – EPI’s – jaleco, máscaras, luvas, etc.) necessários para o desenvolvimento de minhas atividades e/ou Ergonomia.","Disponho de equipamentos de segurança necessários para o desenvolvimento de minhas atividades e/ou Ergonomia.","Likert",TRUE
"Q3","Agentes Universitários","E5D11P129","E5D11P129",129,"Eixo 5","E6","Eixo 6 – Políticas de Gestão de Pessoal e Desenvolvimento Humano","D11","Dimensão 11: Políticas de Gestão de Pessoal e Desenvolvimento Humano","QUALIDADE GERAL DA UNIOESTE para o ensino, pesquisa e extensão é excelente.","QUALIDADE GERAL DA UNIOESTE para o ensino, pesquisa e extensão é excelente.","Likert",TRUE
"Q3","Agentes Universitários","E5D11P130","E5D11P130",130,"Eixo 5","E6","Eixo 6 – Políticas de Gestão de Pessoal e Desenvolvimento Humano","D11","Dimensão 11: Políticas de Gestão de Pessoal e Desenvolvimento Humano","A QUALIDADE GERAL DO MEU CURSO para o ensino, pesquisa e extensão é excelente.","A QUALIDADE GERAL DO MEU CURSO para o ensino, pesquisa e extensão é excelente.","Likert",TRUE
"Q3","Agentes Universitários",NA,"E1D8P9",9,"Eixo 1","E1","EIXO 1 – PLANEJAMENTO E AVALIAÇÃO INSTITUCIONAL","D8","Dimensão 8: Planejamento e Avaliação","Descreva aqui suas sugestões para o planejamento e a avaliação institucional da UNIOESTE.","Descreva aqui suas sugestões para o planejamento e a avaliação institucional da UNIOESTE.","Texto (Aberto)",FALSE
"Q3","Agentes Universitários",NA,"E2D3P23",23,"Eixo 2","E2","EIXO 2 – DESENVOLVIMENTO INSTITUCIONAL","D3","Dimensão 3: Responsabilidade Social da Instituição","Descreva aqui suas sugestões para a Responsabilidade Social da UNIOESTE.","Descreva aqui suas sugestões para a Responsabilidade Social da UNIOESTE.","Texto (Aberto)",FALSE
"Q3","Agentes Universitários",NA,"E2D2P34",34,"Eixo 2","E2","EIXO 2 – DESENVOLVIMENTO INSTITUCIONAL","D2","Dimensão 2: Políticas para o Ensino, a Pesquisa e a Extensão","Descreva aqui suas sugestões para o ENSINO da UNIOESTE.","Descreva aqui suas sugestões para o ENSINO da UNIOESTE.","Texto (Aberto)",FALSE
"Q3","Agentes Universitários",NA,"E2D2P36",36,"Eixo 2","E2","EIXO 2 – DESENVOLVIMENTO INSTITUCIONAL","D2","Dimensão 2: Políticas para o Ensino, a Pesquisa e a Extensão","Descreva aqui suas sugestões para a PESQUISA da UNIOESTE.","Descreva aqui suas sugestões para a PESQUISA da UNIOESTE.","Texto (Aberto)",FALSE
"Q3","Agentes Universitários",NA,"E2D2P41",41,"Eixo 2","E2","EIXO 2 – DESENVOLVIMENTO INSTITUCIONAL","D2","Dimensão 2: Políticas para o Ensino, a Pesquisa e a Extensão","Descreva aqui suas sugestões para a EXTENSÃO UNIVERSITÁRIA da UNIOESTE.","Descreva aqui suas sugestões para a EXTENSÃO UNIVERSITÁRIA da UNIOESTE.","Texto (Aberto)",FALSE
"Q3","Agentes Universitários",NA,"E3D4P51",51,"Eixo 3","E3","EIXO 3 – POLÍTICAS ACADÊMICAS","D4","Dimensão 4: Comunicação com a Sociedade","Descreva aqui suas sugestões para a Comunicação com a comunidade externa (sociedade)","Descreva aqui suas sugestões para a Comunicação com a comunidade externa","Texto (Aberto)",FALSE
"Q3","Agentes Universitários",NA,"E3D9P56",56,"Eixo 3","E3","EIXO 3 – POLÍTICAS ACADÊMICAS","D9","Dimensão 9: Atendimento ao Estudante","Descreva aqui suas sugestões para a Política de Atendimento aos Discentes","Descreva aqui suas sugestões para a Política de Atendimento aos Discentes","Texto (Aberto)",FALSE
"Q3","Agentes Universitários",NA,"E4D5P63",63,"Eixo 4","E4","EIXO 4 – POLÍTICAS DE GESTÃO","D5","Dimensão 5: Políticas de Pessoal","Descreva aqui suas sugestões para as Políticas de pessoal.","Descreva aqui suas sugestões para as Políticas de pessoal.","Texto (Aberto)",FALSE
"Q3","Agentes Universitários",NA,"E4D6P74",74,"Eixo 4","E4","EIXO 4 – POLÍTICAS DE GESTÃO","D6","Dimensão 6: Organização e Gestão da Instituição","Descreva aqui suas sugestões para as Políticas de gestão","Descreva aqui suas sugestões para as Políticas de gestão","Texto (Aberto)",FALSE
"Q3","Agentes Universitários",NA,"E4D10P85",85,"Eixo 4","E4","EIXO 4 – POLÍTICAS DE GESTÃO","D10","Dimensão 10: Sustentabilidade Financeira","Descreva aqui suas sugestões para a Sustentabilidade Financeira da UNIOESTE.","Descreva aqui suas sugestões para a Sustentabilidade Financeira da UNIOESTE.","Texto (Aberto)",FALSE
"Q3","Agentes Universitários",NA,"E5D7P114",114,"Eixo 5","E5","EIXO 5 – INFRAESTRUTURA FÍSICA","D7","Dimensão 7: Infraestrutura Física","Descreva aqui suas sugestões para a INFRAESTRUTURA","Descreva aqui suas sugestões para a INFRAESTRUTURA","Texto (Aberto)",FALSE
"Q3","Agentes Universitários",NA,"E5D11P128",128,"Eixo 5","E6","Eixo 6 – Políticas de Gestão de Pessoal e Desenvolvimento Humano","D11","Dimensão 11: Políticas de Gestão de Pessoal e Desenvolvimento Humano","Descreva aqui suas sugestões para aperfeiçoamento do ambiente de trabalho na UNIOESTE","Descreva aqui suas sugestões para aperfeiçoamento do ambiente de trabalho na UNIOESTE","Texto (Aberto)",FALSE
"Q4","NEADUNI Discentes","ID","ID",NA,"Perfil / Demográfico","DEMO","Perfil do Respondente / Demografia","DEMO","Dados Demográficos","ID","ID","Demográfico",TRUE
"Q4","NEADUNI Discentes","Informe a categoria pela qual você está respondendo este questionário, considerando sua vinculação com a Unioeste.","Informe a categoria pela qual você está respondendo este questionário, considerando sua vinculação com a Unioeste.",NA,"Perfil / Demográfico","DEMO","Perfil do Respondente / Demografia","DEMO","Dados Demográficos","Informe a categoria pela qual você está respondendo este questionário, considerando sua vinculação com a Unioeste.","Informe a categoria pela qual você está respondendo este questionário, considerando sua vinculação com a Unioeste.","Demográfico",TRUE
"Q4","NEADUNI Discentes","POLO / Unidade ","POLO / Unidade ",NA,"Perfil / Demográfico","DEMO","Perfil do Respondente / Demografia","DEMO","Dados Demográficos","POLO / Unidade ","POLO / Unidade ","Demográfico",TRUE
"Q4","NEADUNI Discentes","Curso: ","Curso: ",NA,"Perfil / Demográfico","DEMO","Perfil do Respondente / Demografia","DEMO","Dados Demográficos","Curso: ","Curso: ","Demográfico",TRUE
"Q4","NEADUNI Discentes","E1D4P4","E1D4P4",4,"Eixo 1","E1","EIXO 1 – PLANEJAMENTO E AVALIAÇÃO INSTITUCIONAL","D4","Dimensão 4: Comunicação com a Sociedade","O planejamento e a avaliação, especialmente em relação aos processos, resultados e eficácia da autoavaliação institucional da UNIOESTE, estão coerentes com o especificado no planejamento institucional (PDI) e contemplam adequadamente a modalidade de Educação a Distância (EaD).","O planejamento e a avaliação, especialmente em relação aos processos, resultados e eficácia da autoavaliação institucional da UNIOESTE, estão...","Likert",TRUE
"Q4","NEADUNI Discentes","E1D4P5","E1D4P5",5,"Eixo 1","E1","EIXO 1 – PLANEJAMENTO E AVALIAÇÃO INSTITUCIONAL","D4","Dimensão 4: Comunicação com a Sociedade","A Comissão Própria de Avaliação (CPA) está implantada e funciona; há efetiva participação da comunidade interna (professores, tutores, estudantes e técnico-administrativos) e externa nos processos de autoavaliação institucional, incluindo a modalidade EaD.","A Comissão Própria de Avaliação está implantada e funciona; há efetiva participação da comunidade interna e externa nos processos de autoavaliação...","Likert",TRUE
"Q4","NEADUNI Discentes","E1D4P6","E1D4P6",6,"Eixo 1","E1","EIXO 1 – PLANEJAMENTO E AVALIAÇÃO INSTITUCIONAL","D4","Dimensão 4: Comunicação com a Sociedade","A Comissão Própria de Avaliação (CPA) divulga as análises, os resultados das avaliações e as informações correspondentes, assegurando acesso também aos alunos e tutores da EaD por meio das plataformas digitais e polos presenciais.","A Comissão Própria de Avaliação divulga as análises, os resultados das avaliações e as informações correspondentes, assegurando acesso também aos...","Likert",TRUE
"Q4","NEADUNI Discentes","E1D4P7","E1D4P7",7,"Eixo 1","E1","EIXO 1 – PLANEJAMENTO E AVALIAÇÃO INSTITUCIONAL","D4","Dimensão 4: Comunicação com a Sociedade","A UNIOESTE implementa ações acadêmico-administrativas baseadas nos resultados da autoavaliação e das avaliações externas, considerando as especificidades da EaD.","A UNIOESTE implementa ações acadêmico-administrativas baseadas nos resultados da autoavaliação e das avaliações externas, considerando as...","Likert",TRUE
"Q4","NEADUNI Discentes","E1D4P8","E1D4P8",8,"Eixo 1","E1","EIXO 1 – PLANEJAMENTO E AVALIAÇÃO INSTITUCIONAL","D4","Dimensão 4: Comunicação com a Sociedade","A instituição executa ações de planejamento com base nos resultados dos processos internos e externos, contemplando indicadores específicos da EaD (acesso, evasão, engajamento e infraestrutura de polos).","A instituição executa ações de planejamento com base nos resultados dos processos internos e externos, contemplando indicadores específicos da EaD.","Likert",TRUE
"Q4","NEADUNI Discentes","E1D4P9","E1D4P9",9,"Eixo 1","E1","EIXO 1 – PLANEJAMENTO E AVALIAÇÃO INSTITUCIONAL","D4","Dimensão 4: Comunicação com a Sociedade","A Avaliação institucional no âmbito dos SINAES (ENADE, IGC, CEA) é fundamental para a melhoria da qualidade dos cursos presenciais e a distância, promovendo reflexão sobre as ações e práticas pedagógicas da EaD.","A Avaliação institucional no âmbito dos SINAES é fundamental para a melhoria da qualidade dos cursos presenciais e a distância, promovendo...","Likert",TRUE
"Q4","NEADUNI Discentes","E2D1P11","E2D1P11",11,"Eixo 2","E2","EIXO 2 – DESENVOLVIMENTO INSTITUCIONAL","D1","Dimensão 1: Missão e Plano de Desenvolvimento Institucional (PDI)","As propostas do PDI estão sendo implementadas de acordo com as funções, órgãos e sistemas de gestão, incluindo a política institucional da EaD.","As propostas do PDI estão sendo implementadas de acordo com as funções, órgãos e sistemas de gestão, incluindo a política institucional da EaD.","Likert",TRUE
"Q4","NEADUNI Discentes","E2D1P12","E2D1P12",12,"Eixo 2","E2","EIXO 2 – DESENVOLVIMENTO INSTITUCIONAL","D1","Dimensão 1: Missão e Plano de Desenvolvimento Institucional (PDI)","As propostas do PDI estão alinhadas às demandas dos cursos EaD, considerando o perfil dos estudantes, a regionalização e as condições dos polos.","As propostas do PDI estão alinhadas às demandas dos cursos EaD, considerando o perfil dos estudantes, a regionalização e as condições dos polos.","Likert",TRUE
"Q4","NEADUNI Discentes","E2D1P13","E2D1P13",13,"Eixo 2","E2","EIXO 2 – DESENVOLVIMENTO INSTITUCIONAL","D1","Dimensão 1: Missão e Plano de Desenvolvimento Institucional (PDI)","Os resultados das avaliações (autoavaliação e externas) são utilizados na revisão do planejamento institucional e dos cursos EaD.","Os resultados das avaliações são utilizados na revisão do planejamento institucional e dos cursos EaD.","Likert",TRUE
"Q4","NEADUNI Discentes","E2D1P14","E2D1P14",14,"Eixo 2","E2","EIXO 2 – DESENVOLVIMENTO INSTITUCIONAL","D1","Dimensão 1: Missão e Plano de Desenvolvimento Institucional (PDI)","Os resultados das avaliações geram ações de melhoria específicas para a EaD (formação de tutores, ampliação do suporte técnico, atualização das plataformas).","Os resultados das avaliações geram ações de melhoria específicas para a EaD.","Likert",TRUE
"Q4","NEADUNI Discentes","E2D1P15","E2D1P15",15,"Eixo 2","E2","EIXO 2 – DESENVOLVIMENTO INSTITUCIONAL","D1","Dimensão 1: Missão e Plano de Desenvolvimento Institucional (PDI)","A Unioeste deveria ampliar a oferta de cursos de graduação na modalidade EaD.","A Unioeste deveria ampliar a oferta de cursos de graduação na modalidade EaD.","Likert",TRUE
"Q4","NEADUNI Discentes","E2D1P16","E2D1P16",16,"Eixo 2","E2","EIXO 2 – DESENVOLVIMENTO INSTITUCIONAL","D1","Dimensão 1: Missão e Plano de Desenvolvimento Institucional (PDI)","A Unioeste deveria ampliar a oferta de cursos de pós-graduação na modalidade EaD.","A Unioeste deveria ampliar a oferta de cursos de pós-graduação na modalidade EaD.","Likert",TRUE
"Q4","NEADUNI Discentes","E2D3P18","E2D3P18",18,"Eixo 2","E2","EIXO 2 – DESENVOLVIMENTO INSTITUCIONAL","D3","Dimensão 3: Responsabilidade Social da Instituição","A Missão da UNIOESTE como instituição pública multicampi (de produzir, sistematizar e socializar o conhecimento, contribuir com o desenvolvimento humano, científico, tecnológico e regional, e comprometer-se com a justiça, a democracia, a cidadania e a responsabilidade social) está sendo cumprida.","A Missão da UNIOESTE como instituição pública multicampi está sendo cumprida.","Likert",TRUE
"Q4","NEADUNI Discentes","E2D3P19","E2D3P19",19,"Eixo 2","E2","EIXO 2 – DESENVOLVIMENTO INSTITUCIONAL","D3","Dimensão 3: Responsabilidade Social da Instituição","A Visão da Universidade de ser referência como universidade pública na produção e socialização do conhecimento, comprometida com a formação de profissionais para atuar com base em princípios éticos para o exercício da cidadania, está sendo alcançada.","A Visão da Universidade de ser referência como universidade pública na produção e socialização do conhecimento, comprometida com a formação de...","Likert",TRUE
"Q4","NEADUNI Discentes","E2D3P20","E2D3P20",20,"Eixo 2","E2","EIXO 2 – DESENVOLVIMENTO INSTITUCIONAL","D3","Dimensão 3: Responsabilidade Social da Instituição","As ações de responsabilidade e inclusão social praticadas pela UNIOESTE estão coerentes com o planejamento (PDI) e executado nos documentos oficiais.","As ações de responsabilidade e inclusão social praticadas pela UNIOESTE estão coerentes com o planejamento e executado nos documentos oficiais.","Likert",TRUE
"Q4","NEADUNI Discentes","E2D3P21","E2D3P21",21,"Eixo 2","E2","EIXO 2 – DESENVOLVIMENTO INSTITUCIONAL","D3","Dimensão 3: Responsabilidade Social da Instituição","As relações da UNIOESTE com os setores da sociedade, incluindo ações para o desenvolvimento socioeconômico e educacional, estão sendo implantadas e acompanhadas.","As relações da UNIOESTE com os setores da sociedade, incluindo ações para o desenvolvimento socioeconômico e educacional, estão sendo implantadas...","Likert",TRUE
"Q4","NEADUNI Discentes","E2D3P22","E2D3P22",22,"Eixo 2","E2","EIXO 2 – DESENVOLVIMENTO INSTITUCIONAL","D3","Dimensão 3: Responsabilidade Social da Instituição","As ações da UNIOESTE, com vistas à inclusão social, resultam de diretrizes institucionais (PDI) e estão sendo implantadas e acompanhadas.","As ações da UNIOESTE, com vistas à inclusão social, resultam de diretrizes institucionais e estão sendo implantadas e acompanhadas.","Likert",TRUE
"Q4","NEADUNI Discentes","E2D3P23","E2D3P23",23,"Eixo 2","E2","EIXO 2 – DESENVOLVIMENTO INSTITUCIONAL","D3","Dimensão 3: Responsabilidade Social da Instituição","As ações da UNIOESTE, com vistas à defesa do meio ambiente, do patrimônio cultural e da produção artística, resultam de diretrizes institucionais (PDI) e estão sendo implantadas e acompanhadas.","As ações da UNIOESTE, com vistas à defesa do meio ambiente, do patrimônio cultural e da produção artística, resultam de diretrizes institucionais...","Likert",TRUE
"Q4","NEADUNI Discentes","E3D2P25","E3D2P25",25,"Eixo 3","E3","EIXO 3 – POLÍTICAS ACADÊMICAS","D2","Dimensão 2: Políticas para o Ensino, a Pesquisa e a Extensão","As políticas de ensino, pesquisa e extensão contemplam a modalidade EaD e estão coerentes com o PDI.","As políticas de ensino, pesquisa e extensão contemplam a modalidade EaD e estão coerentes com o PDI.","Likert",TRUE
"Q4","NEADUNI Discentes","E3D2P26","E3D2P26",26,"Eixo 3","E3","EIXO 3 – POLÍTICAS ACADÊMICAS","D2","Dimensão 2: Políticas para o Ensino, a Pesquisa e a Extensão","As atividades pedagógicas e tecnológicas realizadas nos cursos EaD garantem a qualidade dos cursos e a interação entre docentes, tutores e discentes.","As atividades pedagógicas e tecnológicas realizadas nos cursos EaD garantem a qualidade dos cursos e a interação entre docentes, tutores e discentes.","Likert",TRUE
"Q4","NEADUNI Discentes","E3D2P27","E3D2P27",27,"Eixo 3","E3","EIXO 3 – POLÍTICAS ACADÊMICAS","D2","Dimensão 2: Políticas para o Ensino, a Pesquisa e a Extensão","Há acompanhamento efetivo das atividades de pesquisa e iniciação científica também para estudantes da EaD.","Há acompanhamento efetivo das atividades de pesquisa e iniciação científica também para estudantes da EaD.","Likert",TRUE
"Q4","NEADUNI Discentes","E3D2P28","E3D2P28",28,"Eixo 3","E3","EIXO 3 – POLÍTICAS ACADÊMICAS","D2","Dimensão 2: Políticas para o Ensino, a Pesquisa e a Extensão","As atividades de extensão na modalidade EaD têm relevância acadêmica e social, com participação ativa de alunos e professores.","As atividades de extensão na modalidade EaD têm relevância acadêmica e social, com participação ativa de alunos e professores.","Likert",TRUE
"Q4","NEADUNI Discentes","E3D2P29","E3D2P29",29,"Eixo 3","E3","EIXO 3 – POLÍTICAS ACADÊMICAS","D2","Dimensão 2: Políticas para o Ensino, a Pesquisa e a Extensão","A oferta de bolsas e incentivos à produção acadêmica contempla estudantes EaD de forma equitativa.","A oferta de bolsas e incentivos à produção acadêmica contempla estudantes EaD de forma equitativa.","Likert",TRUE
"Q4","NEADUNI Discentes","E3D2P30","E3D2P30",30,"Eixo 3","E3","EIXO 3 – POLÍTICAS ACADÊMICAS","D2","Dimensão 2: Políticas para o Ensino, a Pesquisa e a Extensão","A estrutura curricular possibilita a flexibilidade acadêmica e a interdisciplinaridade.","A estrutura curricular possibilita a flexibilidade acadêmica e a interdisciplinaridade.","Likert",TRUE
"Q4","NEADUNI Discentes","E3D2P32","E3D2P32",32,"Eixo 3","E3","EIXO 3 – POLÍTICAS ACADÊMICAS","D2","Dimensão 2: Políticas para o Ensino, a Pesquisa e a Extensão","As políticas de atendimento aos discentes da EaD estão coerentes com o PDI.","As políticas de atendimento aos discentes da EaD estão coerentes com o PDI.","Likert",TRUE
"Q4","NEADUNI Discentes","E3D2P33","E3D2P33",33,"Eixo 3","E3","EIXO 3 – POLÍTICAS ACADÊMICAS","D2","Dimensão 2: Políticas para o Ensino, a Pesquisa e a Extensão","Há apoio pedagógico e tecnológico adequado para a realização das atividades de ensino, pesquisa e extensão na EaD.","Há apoio pedagógico e tecnológico adequado para a realização das atividades de ensino, pesquisa e extensão na EaD.","Likert",TRUE
"Q4","NEADUNI Discentes","E3D2P34","E3D2P34",34,"Eixo 3","E3","EIXO 3 – POLÍTICAS ACADÊMICAS","D2","Dimensão 2: Políticas para o Ensino, a Pesquisa e a Extensão","As políticas de acesso, seleção e permanência dos estudantes EaD são adequadas e levam em conta as realidades regionais e socioeconômicas.","As políticas de acesso, seleção e permanência dos estudantes EaD são adequadas e levam em conta as realidades regionais e socioeconômicas.","Likert",TRUE
"Q4","NEADUNI Discentes","E3D2P35","E3D2P35",35,"Eixo 3","E3","EIXO 3 – POLÍTICAS ACADÊMICAS","D2","Dimensão 2: Políticas para o Ensino, a Pesquisa e a Extensão","A UNIOESTE acompanha egressos da EaD, estimulando atualização profissional e formação continuada.","A UNIOESTE acompanha egressos da EaD, estimulando atualização profissional e formação continuada.","Likert",TRUE
"Q4","NEADUNI Discentes","E3D2P36","E3D2P36",36,"Eixo 3","E3","EIXO 3 – POLÍTICAS ACADÊMICAS","D2","Dimensão 2: Políticas para o Ensino, a Pesquisa e a Extensão",") A instituição oferece suporte a estudantes EaD em vulnerabilidade social, considerando suas condições de acesso à internet e equipamentos.",") A instituição oferece suporte a estudantes EaD em vulnerabilidade social, considerando suas condições de acesso à internet e equipamentos.","Likert",TRUE
"Q4","NEADUNI Discentes","E3D2P37","E3D2P37",37,"Eixo 3","E3","EIXO 3 – POLÍTICAS ACADÊMICAS","D2","Dimensão 2: Políticas para o Ensino, a Pesquisa e a Extensão","Há acompanhamento para estudantes EaD com baixo desempenho ou dificuldades de aprendizagem, incluindo suporte psicopedagógico e tecnológico.","Há acompanhamento para estudantes EaD com baixo desempenho ou dificuldades de aprendizagem, incluindo suporte psicopedagógico e tecnológico.","Likert",TRUE
"Q4","NEADUNI Discentes","E3D2P38","E3D2P38",38,"Eixo 3","E3","EIXO 3 – POLÍTICAS ACADÊMICAS","D2","Dimensão 2: Políticas para o Ensino, a Pesquisa e a Extensão","O serviço de apoio psicológico é divulgado e acessível aos discentes EaD.","O serviço de apoio psicológico é divulgado e acessível aos discentes EaD.","Likert",TRUE
"Q4","NEADUNI Discentes","E3D2P39","E3D2P39",39,"Eixo 3","E3","EIXO 3 – POLÍTICAS ACADÊMICAS","D2","Dimensão 2: Políticas para o Ensino, a Pesquisa e a Extensão","Há canais digitais de escuta e acolhimento específicos para alunos EaD.","Há canais digitais de escuta e acolhimento específicos para alunos EaD.","Likert",TRUE
"Q4","NEADUNI Discentes","E3D2P40","E3D2P40",40,"Eixo 3","E3","EIXO 3 – POLÍTICAS ACADÊMICAS","D2","Dimensão 2: Políticas para o Ensino, a Pesquisa e a Extensão","Os estudantes EaD recebem orientação clara sobre normas, regulamentos e funcionamento da plataforma desde o ingresso.","Os estudantes EaD recebem orientação clara sobre normas, regulamentos e funcionamento da plataforma desde o ingresso.","Likert",TRUE
"Q4","NEADUNI Discentes","E3D9P42","E3D9P42",42,"Eixo 3","E3","EIXO 3 – POLÍTICAS ACADÊMICAS","D9","Dimensão 9: Atendimento ao Estudante","O suporte técnico e administrativo da EaD atende com eficiência e respeito.","O suporte técnico e administrativo da EaD atende com eficiência e respeito.","Likert",TRUE
"Q4","NEADUNI Discentes","E3D9P43","E3D9P43",43,"Eixo 3","E3","EIXO 3 – POLÍTICAS ACADÊMICAS","D9","Dimensão 9: Atendimento ao Estudante","Em relação às Condições institucionais de atendimento ao discente, se verifica a adequação das políticas de acesso, seleção e permanência de estudantes (critérios utilizados, acompanhamento pedagógico, espaço de participação e de convivência) praticadas pela UNIOESTE e há relação com as políticas públicas e com o contexto social.","Em relação às Condições institucionais de atendimento ao discente, se verifica a adequação das políticas de acesso, seleção e permanência de...","Likert",TRUE
"Q4","NEADUNI Discentes","E3D9P44","E3D9P44",44,"Eixo 3","E3","EIXO 3 – POLÍTICAS ACADÊMICAS","D9","Dimensão 9: Atendimento ao Estudante","A UNIOESTE desenvolve estratégias para acompanhar os egressos e seus empregadores à permanente atualização profissional, melhoria curricular, de formação profissional, ou cursos de pós-graduação (entre outros) que visem o aumento de empregabilidade e salários dos ex-alunos.","A UNIOESTE desenvolve estratégias para acompanhar os egressos e seus empregadores à permanente atualização profissional, melhoria curricular, de...","Likert",TRUE
"Q4","NEADUNI Discentes","E3D9P45","E3D9P45",45,"Eixo 3","E3","EIXO 3 – POLÍTICAS ACADÊMICAS","D9","Dimensão 9: Atendimento ao Estudante","A instituição oferece suporte aos estudantes em situações de vulnerabilidade social, (expostos a riscos e dificuldades sociais em relação à alimentação, transporte, moradia, entre outros).","A instituição oferece suporte aos estudantes em situações de vulnerabilidade social,.","Likert",TRUE
"Q4","NEADUNI Discentes","E3D9P46","E3D9P46",46,"Eixo 3","E3","EIXO 3 – POLÍTICAS ACADÊMICAS","D9","Dimensão 9: Atendimento ao Estudante","Há acompanhamento institucional aos estudantes com baixo desempenho ou dificuldades de aprendizagem.","Há acompanhamento institucional aos estudantes com baixo desempenho ou dificuldades de aprendizagem.","Likert",TRUE
"Q4","NEADUNI Discentes","E5D7P48","E5D7P48",48,"Eixo 5","E5","EIXO 5 – INFRAESTRUTURA FÍSICA","D7","Dimensão 7: Infraestrutura Física","A infraestrutura física e tecnológica dos polos EaD está adequada e coerente com o PDI.","A infraestrutura física e tecnológica dos polos EaD está adequada e coerente com o PDI.","Likert",TRUE
"Q4","NEADUNI Discentes","E5D7P49","E5D7P49",49,"Eixo 5","E5","EIXO 5 – INFRAESTRUTURA FÍSICA","D7","Dimensão 7: Infraestrutura Física","As instalações dos polos (salas de estudo, laboratórios, biblioteca, acessibilidade) são adequadas e bem conservadas.","As instalações dos polos são adequadas e bem conservadas.","Likert",TRUE
"Q4","NEADUNI Discentes","E5D7P50","E5D7P50",50,"Eixo 5","E5","EIXO 5 – INFRAESTRUTURA FÍSICA","D7","Dimensão 7: Infraestrutura Física","A estrutura tecnológica (computadores, rede, equipamentos audiovisuais) dos polos EaD é suficiente e funcional.","A estrutura tecnológica dos polos EaD é suficiente e funcional.","Likert",TRUE
"Q4","NEADUNI Discentes","E5D7P51","E5D7P51",51,"Eixo 5","E5","EIXO 5 – INFRAESTRUTURA FÍSICA","D7","Dimensão 7: Infraestrutura Física","O ambiente virtual de aprendizagem (AVA) utilizado pela UNIOESTE EaD é estável, acessível e adequado às necessidades pedagógicas.","O ambiente virtual de aprendizagem utilizado pela UNIOESTE EaD é estável, acessível e adequado às necessidades pedagógicas.","Likert",TRUE
"Q4","NEADUNI Discentes","E5D7P52","E5D7P52",52,"Eixo 5","E5","EIXO 5 – INFRAESTRUTURA FÍSICA","D7","Dimensão 7: Infraestrutura Física","O suporte técnico e pedagógico aos usuários (estudantes, tutores, professores) é eficiente e oferecido de forma contínua.","O suporte técnico e pedagógico aos usuários é eficiente e oferecido de forma contínua.","Likert",TRUE
"Q4","NEADUNI Discentes","E5D7P53","E5D7P53",53,"Eixo 5","E5","EIXO 5 – INFRAESTRUTURA FÍSICA","D7","Dimensão 7: Infraestrutura Física","Há capacitação e orientação para o uso das plataformas digitais.","Há capacitação e orientação para o uso das plataformas digitais.","Likert",TRUE
"Q4","NEADUNI Discentes","E5D7P54","E5D7P54",54,"Eixo 5","E5","EIXO 5 – INFRAESTRUTURA FÍSICA","D7","Dimensão 7: Infraestrutura Física","Os materiais didáticos digitais (vídeos, e-books, fóruns) apresentam qualidade técnica e acessibilidade.","Os materiais didáticos digitais apresentam qualidade técnica e acessibilidade.","Likert",TRUE
"Q4","NEADUNI Discentes","E5D7P55","E5D7P55",55,"Eixo 5","E5","EIXO 5 – INFRAESTRUTURA FÍSICA","D7","Dimensão 7: Infraestrutura Física","A internet dos polos e o acesso remoto atendem às demandas de conectividade necessárias às atividades EaD.","A internet dos polos e o acesso remoto atendem às demandas de conectividade necessárias às atividades EaD.","Likert",TRUE
"Q4","NEADUNI Discentes","E5D7P56","E5D7P56",56,"Eixo 5","E5","EIXO 5 – INFRAESTRUTURA FÍSICA","D7","Dimensão 7: Infraestrutura Física","Há integração entre polos, coordenação EaD e NEaDUni para manutenção e melhoria da infraestrutura.","Há integração entre polos, coordenação EaD e NEaDUni para manutenção e melhoria da infraestrutura.","Likert",TRUE
"Q4","NEADUNI Discentes","E5D7P57","E5D7P57",57,"Eixo 5","E5","EIXO 5 – INFRAESTRUTURA FÍSICA","D7","Dimensão 7: Infraestrutura Física","Os ambientes virtuais de aprendizagem (Teams, Moodle, entre outros) e sistemas acadêmicos funcionam de forma eficiente.","Os ambientes virtuais de aprendizagem e sistemas acadêmicos funcionam de forma eficiente.","Likert",TRUE
"Q4","NEADUNI Discentes","E5D7P58","E5D7P58",58,"Eixo 5","E5","EIXO 5 – INFRAESTRUTURA FÍSICA","D7","Dimensão 7: Infraestrutura Física","Há suporte técnico e treinamento adequado para o uso das plataformas digitais.","Há suporte técnico e treinamento adequado para o uso das plataformas digitais.","Likert",TRUE
"Q4","NEADUNI Discentes","E5D7P59","E5D7P59",59,"Eixo 5","E5","EIXO 5 – INFRAESTRUTURA FÍSICA","D7","Dimensão 7: Infraestrutura Física","A infraestrutura de internet (Wi-Fi, rede cabeada) atende adequadamente a comunidade acadêmica.","A infraestrutura de internet atende adequadamente a comunidade acadêmica.","Likert",TRUE
"Q4","NEADUNI Discentes","E5D7P61","E5D7P61",61,"Eixo 5","E5","EIXO 5 – INFRAESTRUTURA FÍSICA","D7","Dimensão 7: Infraestrutura Física","QUALIDADE GERAL DA UNIOESTE para o ensino, pesquisa e extensão é excelente.","QUALIDADE GERAL DA UNIOESTE para o ensino, pesquisa e extensão é excelente.","Likert",TRUE
"Q4","NEADUNI Discentes","E5D7P62","E5D7P62",62,"Eixo 5","E5","EIXO 5 – INFRAESTRUTURA FÍSICA","D7","Dimensão 7: Infraestrutura Física","A QUALIDADE GERAL DO MEU CURSO para o ensino, pesquisa e extensão é excelente.","A QUALIDADE GERAL DO MEU CURSO para o ensino, pesquisa e extensão é excelente.","Likert",TRUE
"Q4","NEADUNI Discentes",NA,"E1D4P10",10,"Eixo 1","E1","EIXO 1 – PLANEJAMENTO E AVALIAÇÃO INSTITUCIONAL","D4","Dimensão 4: Comunicação com a Sociedade","Descreva aqui suas sugestões para o planejamento e a avaliação institucional da UNIOESTE, considerando a Educação a Distância.","Descreva aqui suas sugestões para o planejamento e a avaliação institucional da UNIOESTE, considerando a Educação a Distância.","Texto (Aberto)",FALSE
"Q4","NEADUNI Discentes",NA,"E2D1P17",17,"Eixo 2","E2","EIXO 2 – DESENVOLVIMENTO INSTITUCIONAL","D1","Dimensão 1: Missão e Plano de Desenvolvimento Institucional (PDI)","Descreva aqui suas sugestões para o Plano de Desenvolvimento Institucional (PDI) da UNIOESTE no que se refere à EaD.","Descreva aqui suas sugestões para o Plano de Desenvolvimento Institucional da UNIOESTE no que se refere à EaD.","Texto (Aberto)",FALSE
"Q4","NEADUNI Discentes",NA,"E2D3P24",24,"Eixo 2","E2","EIXO 2 – DESENVOLVIMENTO INSTITUCIONAL","D3","Dimensão 3: Responsabilidade Social da Instituição","Descreva aqui suas sugestões para a Responsabilidade Social da UNIOESTE.","Descreva aqui suas sugestões para a Responsabilidade Social da UNIOESTE.","Texto (Aberto)",FALSE
"Q4","NEADUNI Discentes",NA,"E3D2P31",31,"Eixo 3","E3","EIXO 3 – POLÍTICAS ACADÊMICAS","D2","Dimensão 2: Políticas para o Ensino, a Pesquisa e a Extensão","Descreva aqui suas sugestões para o ENSINO na modalidade EaD.","Descreva aqui suas sugestões para o ENSINO na modalidade EaD.","Texto (Aberto)",FALSE
"Q4","NEADUNI Discentes",NA,"E3D2P41",41,"Eixo 3","E3","EIXO 3 – POLÍTICAS ACADÊMICAS","D2","Dimensão 2: Políticas para o Ensino, a Pesquisa e a Extensão","As coordenações de curso e os polos de apoio presencial estão disponíveis para atender às demandas acadêmicas dos alunos EaD.","As coordenações de curso e os polos de apoio presencial estão disponíveis para atender às demandas acadêmicas dos alunos EaD.","Likert",FALSE
"Q4","NEADUNI Discentes",NA,"E3D9P47",47,"Eixo 3","E3","EIXO 3 – POLÍTICAS ACADÊMICAS","D9","Dimensão 9: Atendimento ao Estudante","Descreva aqui suas sugestões para o Atendimento ao Discente na EaD.","Descreva aqui suas sugestões para o Atendimento ao Discente na EaD.","Texto (Aberto)",FALSE
"Q4","NEADUNI Discentes",NA,"E5D7P60",60,"Eixo 5","E5","EIXO 5 – INFRAESTRUTURA FÍSICA","D7","Dimensão 7: Infraestrutura Física","Descreva aqui suas sugestões para a Infraestrutura dos cursos EaD (ambientes virtuais, polos e suporte técnico).","Descreva aqui suas sugestões para a Infraestrutura dos cursos EaD.","Texto (Aberto)",FALSE
"Q5","HUOP","ID","ID",NA,"Perfil / Demográfico","DEMO","Perfil do Respondente / Demografia","DEMO","Dados Demográficos","ID","ID","Demográfico",TRUE
"Q5","HUOP","Informe a categoria pela qual você está respondendo este questionário, considerando sua vinculação com a Unioeste.","Informe a categoria pela qual você está respondendo este questionário, considerando sua vinculação com a Unioeste.",NA,"Perfil / Demográfico","DEMO","Perfil do Respondente / Demografia","DEMO","Dados Demográficos","Informe a categoria pela qual você está respondendo este questionário, considerando sua vinculação com a Unioeste.","Informe a categoria pela qual você está respondendo este questionário, considerando sua vinculação com a Unioeste.","Demográfico",TRUE
"Q5","HUOP","Unidade ","Unidade ",NA,"Perfil / Demográfico","DEMO","Perfil do Respondente / Demografia","DEMO","Dados Demográficos","Unidade ","Unidade ","Demográfico",TRUE
"Q5","HUOP","E1D8P4","E1D8P4",4,"Eixo 1","E1","EIXO 1 – PLANEJAMENTO E AVALIAÇÃO INSTITUCIONAL","D8","Dimensão 8: Planejamento e Avaliação","O planejamento e a avaliação no HUOP estão coerentes com o Planejamento Institucional (PDI).","O planejamento e a avaliação no HUOP estão coerentes com o Planejamento Institucional.","Likert",TRUE
"Q5","HUOP","E1D8P5","E1D8P5",5,"Eixo 1","E1","EIXO 1 – PLANEJAMENTO E AVALIAÇÃO INSTITUCIONAL","D8","Dimensão 8: Planejamento e Avaliação","A Comissão Própria de Avaliação (CPA) está implantada e funciona, há efetiva participação da comunidade interna (professores, estudantes e técnico-administrativos) e externa nos processos de autoavaliação institucional.","A Comissão Própria de Avaliação está implantada e funciona, há efetiva participação da comunidade interna e externa nos processos de autoavaliação...","Likert",TRUE
"Q5","HUOP","E1D8P6","E1D8P6",6,"Eixo 1","E1","EIXO 1 – PLANEJAMENTO E AVALIAÇÃO INSTITUCIONAL","D8","Dimensão 8: Planejamento e Avaliação","A Comissão Própria de Avaliação (CPA) divulga as análises, os resultados das avaliações, e as informações correspondentes estão acessíveis à comunidade acadêmica.","A Comissão Própria de Avaliação divulga as análises, os resultados das avaliações, e as informações correspondentes estão acessíveis à comunidade...","Likert",TRUE
"Q5","HUOP","E1D8P7","E1D8P7",7,"Eixo 1","E1","EIXO 1 – PLANEJAMENTO E AVALIAÇÃO INSTITUCIONAL","D8","Dimensão 8: Planejamento e Avaliação","A gestão do HUOP acompanha e utiliza os resultados das avaliações institucionais e externas (SINAES, ENADE, IGC).","A gestão do HUOP acompanha e utiliza os resultados das avaliações institucionais e externas.","Likert",TRUE
"Q5","HUOP","E1D8P8","E1D8P8",8,"Eixo 1","E1","EIXO 1 – PLANEJAMENTO E AVALIAÇÃO INSTITUCIONAL","D8","Dimensão 8: Planejamento e Avaliação","O HUOP possui indicadores próprios de qualidade assistencial, ensino e pesquisa, acompanhados regularmente.","O HUOP possui indicadores próprios de qualidade assistencial, ensino e pesquisa, acompanhados regularmente.","Likert",TRUE
"Q5","HUOP","E1D8P9","E1D8P9",9,"Eixo 1","E1","EIXO 1 – PLANEJAMENTO E AVALIAÇÃO INSTITUCIONAL","D8","Dimensão 8: Planejamento e Avaliação","Os resultados da avaliação são compartilhados com a equipe e utilizados para implementar melhorias nos processos hospitalares.","Os resultados da avaliação são compartilhados com a equipe e utilizados para implementar melhorias nos processos hospitalares.","Likert",TRUE
"Q5","HUOP","E2D1P12","E2D1P12",12,"Eixo 2","E2","EIXO 2 – DESENVOLVIMENTO INSTITUCIONAL","D1","Dimensão 1: Missão e Plano de Desenvolvimento Institucional (PDI)","As diretrizes do PDI são incorporadas nas rotinas do HUOP.","As diretrizes do PDI são incorporadas nas rotinas do HUOP.","Likert",TRUE
"Q5","HUOP","E2D1P13","E2D1P13",13,"Eixo 2","E2","EIXO 2 – DESENVOLVIMENTO INSTITUCIONAL","D1","Dimensão 1: Missão e Plano de Desenvolvimento Institucional (PDI)","O HUOP tem autonomia para adaptar políticas institucionais às suas necessidades operacionais e assistenciais.","O HUOP tem autonomia para adaptar políticas institucionais às suas necessidades operacionais e assistenciais.","Likert",TRUE
"Q5","HUOP","E2D1P14","E2D1P14",14,"Eixo 2","E2","EIXO 2 – DESENVOLVIMENTO INSTITUCIONAL","D1","Dimensão 1: Missão e Plano de Desenvolvimento Institucional (PDI)","Os resultados da autoavaliação do HUOP são utilizados para revisão e melhoria das práticas institucionais.","Os resultados da autoavaliação do HUOP são utilizados para revisão e melhoria das práticas institucionais.","Likert",TRUE
"Q5","HUOP","E2D1P15","E2D1P15",15,"Eixo 2","E2","EIXO 2 – DESENVOLVIMENTO INSTITUCIONAL","D1","Dimensão 1: Missão e Plano de Desenvolvimento Institucional (PDI)","O HUOP contribui para a formação acadêmica de estudantes de graduação e pós-graduação.","O HUOP contribui para a formação acadêmica de estudantes de graduação e pós-graduação.","Likert",TRUE
"Q5","HUOP","E2D1P16","E2D1P16",16,"Eixo 2","E2","EIXO 2 – DESENVOLVIMENTO INSTITUCIONAL","D1","Dimensão 1: Missão e Plano de Desenvolvimento Institucional (PDI)","A Unioeste deveria ofertar novos cursos de graduação.","A Unioeste deveria ofertar novos cursos de graduação.","Likert",TRUE
"Q5","HUOP","E2D1P17","E2D1P17",17,"Eixo 2","E2","EIXO 2 – DESENVOLVIMENTO INSTITUCIONAL","D1","Dimensão 1: Missão e Plano de Desenvolvimento Institucional (PDI)","A Unioeste deveria ofertar novos cursos de pós-graduação.","A Unioeste deveria ofertar novos cursos de pós-graduação.","Likert",TRUE
"Q5","HUOP","E2D3P19","E2D3P19",19,"Eixo 2","E2","EIXO 2 – DESENVOLVIMENTO INSTITUCIONAL","D3","Dimensão 3: Responsabilidade Social da Instituição","A Missão da UNIOESTE como instituição pública multicampi (de produzir, sistematizar e socializar o conhecimento, contribuir com o desenvolvimento humano, científico, tecnológico e regional, e comprometer-se com a justiça, a democracia, a cidadania e a responsabilidade social) está sendo cumprida.","A Missão da UNIOESTE como instituição pública multicampi está sendo cumprida.","Likert",TRUE
"Q5","HUOP","E2D3P20","E2D3P20",20,"Eixo 2","E2","EIXO 2 – DESENVOLVIMENTO INSTITUCIONAL","D3","Dimensão 3: Responsabilidade Social da Instituição","A Visão da Universidade de ser referência como universidade pública na produção e socialização do conhecimento, comprometida com a formação de profissionais para atuar com base em princípios éticos para o exercício da cidadania, está sendo alcançada.","A Visão da Universidade de ser referência como universidade pública na produção e socialização do conhecimento, comprometida com a formação de...","Likert",TRUE
"Q5","HUOP","E2D3P21","E2D3P21",21,"Eixo 2","E2","EIXO 2 – DESENVOLVIMENTO INSTITUCIONAL","D3","Dimensão 3: Responsabilidade Social da Instituição","As ações de responsabilidade e inclusão social praticadas pela UNIOESTE estão coerentes com o planejamento (PDI) e executado nos documentos oficiais.","As ações de responsabilidade e inclusão social praticadas pela UNIOESTE estão coerentes com o planejamento e executado nos documentos oficiais.","Likert",TRUE
"Q5","HUOP","E2D3P22","E2D3P22",22,"Eixo 2","E2","EIXO 2 – DESENVOLVIMENTO INSTITUCIONAL","D3","Dimensão 3: Responsabilidade Social da Instituição","O HUOP participa de iniciativas voltadas à preservação ambiental e à produção cultural/artística, quando aplicável.","O HUOP participa de iniciativas voltadas à preservação ambiental e à produção cultural/artística, quando aplicável.","Likert",TRUE
"Q5","HUOP","E2D3P23","E2D3P23",23,"Eixo 2","E2","EIXO 2 – DESENVOLVIMENTO INSTITUCIONAL","D3","Dimensão 3: Responsabilidade Social da Instituição","O HUOP contribui com ações de saúde, educação e inclusão social para a comunidade regional.","O HUOP contribui com ações de saúde, educação e inclusão social para a comunidade regional.","Likert",TRUE
"Q5","HUOP","E2D3P24","E2D3P24",24,"Eixo 2","E2","EIXO 2 – DESENVOLVIMENTO INSTITUCIONAL","D3","Dimensão 3: Responsabilidade Social da Instituição","As ações do HUOP estão alinhadas às diretrizes institucionais de sustentabilidade e responsabilidade social.","As ações do HUOP estão alinhadas às diretrizes institucionais de sustentabilidade e responsabilidade social.","Likert",TRUE
"Q5","HUOP","E3D2P26","E3D2P26",26,"Eixo 3","E3","EIXO 3 – POLÍTICAS ACADÊMICAS","D2","Dimensão 2: Políticas para o Ensino, a Pesquisa e a Extensão","As políticas de ensino, pesquisa e extensão praticadas pela UNIOESTE estão coerentes com o plano de desenvolvimento institucional (PDI).","As políticas de ensino, pesquisa e extensão praticadas pela UNIOESTE estão coerentes com o plano de desenvolvimento institucional.","Likert",TRUE
"Q5","HUOP","E3D2P27","E3D2P27",27,"Eixo 3","E3","EIXO 3 – POLÍTICAS ACADÊMICAS","D2","Dimensão 2: Políticas para o Ensino, a Pesquisa e a Extensão","O HUOP oferece oportunidades adequadas para práticas clínicas supervisionadas.","O HUOP oferece oportunidades adequadas para práticas clínicas supervisionadas.","Likert",TRUE
"Q5","HUOP","E3D2P28","E3D2P28",28,"Eixo 3","E3","EIXO 3 – POLÍTICAS ACADÊMICAS","D2","Dimensão 2: Políticas para o Ensino, a Pesquisa e a Extensão","A integração ensino-serviço permite aprendizado efetivo para os estudantes.","A integração ensino-serviço permite aprendizado efetivo para os estudantes.","Likert",TRUE
"Q5","HUOP","E3D2P29","E3D2P29",29,"Eixo 3","E3","EIXO 3 – POLÍTICAS ACADÊMICAS","D2","Dimensão 2: Políticas para o Ensino, a Pesquisa e a Extensão","A capacitação docente e profissional no HUOP é adequada para garantir a qualidade do ensino.","A capacitação docente e profissional no HUOP é adequada para garantir a qualidade do ensino.","Likert",TRUE
"Q5","HUOP","E3D2P31","E3D2P31",31,"Eixo 3","E3","EIXO 3 – POLÍTICAS ACADÊMICAS","D2","Dimensão 2: Políticas para o Ensino, a Pesquisa e a Extensão","O HUOP incentiva a participação de profissionais e estudantes em projetos de pesquisa aplicada.","O HUOP incentiva a participação de profissionais e estudantes em projetos de pesquisa aplicada.","Likert",TRUE
"Q5","HUOP","E3D2P32","E3D2P32",32,"Eixo 3","E3","EIXO 3 – POLÍTICAS ACADÊMICAS","D2","Dimensão 2: Políticas para o Ensino, a Pesquisa e a Extensão","Existe articulação entre a pesquisa desenvolvida no HUOP e os problemas regionais de saúde.","Existe articulação entre a pesquisa desenvolvida no HUOP e os problemas regionais de saúde.","Likert",TRUE
"Q5","HUOP","E3D2P33","E3D2P33",33,"Eixo 3","E3","EIXO 3 – POLÍTICAS ACADÊMICAS","D2","Dimensão 2: Políticas para o Ensino, a Pesquisa e a Extensão","Os editais e oportunidades de pesquisa são divulgados de forma clara e acessível.","Os editais e oportunidades de pesquisa são divulgados de forma clara e acessível.","Likert",TRUE
"Q5","HUOP","E3D2P34","E3D2P34",34,"Eixo 3","E3","EIXO 3 – POLÍTICAS ACADÊMICAS","D2","Dimensão 2: Políticas para o Ensino, a Pesquisa e a Extensão","Existe articulação entre a pesquisa desenvolvida na instituição e os problemas regionais e nacionais.","Existe articulação entre a pesquisa desenvolvida na instituição e os problemas regionais e nacionais.","Likert",TRUE
"Q5","HUOP","E3D2P35","E3D2P35",35,"Eixo 3","E3","EIXO 3 – POLÍTICAS ACADÊMICAS","D2","Dimensão 2: Políticas para o Ensino, a Pesquisa e a Extensão","Os grupos de pesquisa são estruturados e contam com apoio institucional.","Os grupos de pesquisa são estruturados e contam com apoio institucional.","Likert",TRUE
"Q5","HUOP","E3D2P37","E3D2P37",37,"Eixo 3","E3","EIXO 3 – POLÍTICAS ACADÊMICAS","D2","Dimensão 2: Políticas para o Ensino, a Pesquisa e a Extensão","As atividades de extensão e serviços assistenciais do HUOP atendem às demandas sociais da comunidade.","As atividades de extensão e serviços assistenciais do HUOP atendem às demandas sociais da comunidade.","Likert",TRUE
"Q5","HUOP","E3D2P38","E3D2P38",38,"Eixo 3","E3","EIXO 3 – POLÍTICAS ACADÊMICAS","D2","Dimensão 2: Políticas para o Ensino, a Pesquisa e a Extensão","Há integração entre extensão, ensino e pesquisa nas práticas assistenciais.","Há integração entre extensão, ensino e pesquisa nas práticas assistenciais.","Likert",TRUE
"Q5","HUOP","E3D2P39","E3D2P39",39,"Eixo 3","E3","EIXO 3 – POLÍTICAS ACADÊMICAS","D2","Dimensão 2: Políticas para o Ensino, a Pesquisa e a Extensão","Os profissionais e estudantes do HUOP são incentivados a participar de atividades extracurriculares de extensão.","Os profissionais e estudantes do HUOP são incentivados a participar de atividades extracurriculares de extensão.","Likert",TRUE
"Q5","HUOP","E3D2P40","E3D2P40",40,"Eixo 3","E3","EIXO 3 – POLÍTICAS ACADÊMICAS","D2","Dimensão 2: Políticas para o Ensino, a Pesquisa e a Extensão","Existe integração entre extensão, ensino e pesquisa nas práticas institucionais.","Existe integração entre extensão, ensino e pesquisa nas práticas institucionais.","Likert",TRUE
"Q5","HUOP","E3D2P41","E3D2P41",41,"Eixo 3","E3","EIXO 3 – POLÍTICAS ACADÊMICAS","D2","Dimensão 2: Políticas para o Ensino, a Pesquisa e a Extensão","A instituição incentiva a participação dos estudantes em atividades de extensão extracurriculares","A instituição incentiva a participação dos estudantes em atividades de extensão extracurriculares","Likert",TRUE
"Q5","HUOP","E3D4P43","E3D4P43",43,"Eixo 3","E3","EIXO 3 – POLÍTICAS ACADÊMICAS","D4","Dimensão 4: Comunicação com a Sociedade","A comunicação do HUOP com a comunidade externa é clara e acessível.","A comunicação do HUOP com a comunidade externa é clara e acessível.","Likert",TRUE
"Q5","HUOP","E3D4P44","E3D4P44",44,"Eixo 3","E3","EIXO 3 – POLÍTICAS ACADÊMICAS","D4","Dimensão 4: Comunicação com a Sociedade","A comunicação institucional é acessível às comunidades interna e externa e possibilitam a divulgação das ações da UNIOESTE/HUOP.","A comunicação institucional é acessível às comunidades interna e externa e possibilitam a divulgação das ações da UNIOESTE/HUOP.","Likert",TRUE
"Q5","HUOP","E3D4P45","E3D4P45",45,"Eixo 3","E3","EIXO 3 – POLÍTICAS ACADÊMICAS","D4","Dimensão 4: Comunicação com a Sociedade","A ouvidoria institucional atende adequadamente às demandas recebidas.","A ouvidoria institucional atende adequadamente às demandas recebidas.","Likert",TRUE
"Q5","HUOP","E3D4P46","E3D4P46",46,"Eixo 3","E3","EIXO 3 – POLÍTICAS ACADÊMICAS","D4","Dimensão 4: Comunicação com a Sociedade","As instâncias acadêmicas e administrativas fazem os devidos encaminhamentos das demandas recebidas da Ouvidoria Institucional.","As instâncias acadêmicas e administrativas fazem os devidos encaminhamentos das demandas recebidas da Ouvidoria Institucional.","Likert",TRUE
"Q5","HUOP","E3D4P47","E3D4P47",47,"Eixo 3","E3","EIXO 3 – POLÍTICAS ACADÊMICAS","D4","Dimensão 4: Comunicação com a Sociedade","Os canais de comunicação institucionais permitem o diálogo e a escuta das demandas da comunidade externa (sociedade).","Os canais de comunicação institucionais permitem o diálogo e a escuta das demandas da comunidade externa.","Likert",TRUE
"Q5","HUOP","E3D4P48","E3D4P48",48,"Eixo 3","E3","EIXO 3 – POLÍTICAS ACADÊMICAS","D4","Dimensão 4: Comunicação com a Sociedade","Os resultados dos serviços assistenciais e acadêmicos do HUOP são divulgados de forma transparente.","Os resultados dos serviços assistenciais e acadêmicos do HUOP são divulgados de forma transparente.","Likert",TRUE
"Q5","HUOP","E3D4P49","E3D4P49",49,"Eixo 3","E3","EIXO 3 – POLÍTICAS ACADÊMICAS","D4","Dimensão 4: Comunicação com a Sociedade","Há canais eficientes para receber demandas da sociedade e responder adequadamente.","Há canais eficientes para receber demandas da sociedade e responder adequadamente.","Likert",TRUE
"Q5","HUOP","E3D4P50","E3D4P50",50,"Eixo 3","E3","EIXO 3 – POLÍTICAS ACADÊMICAS","D4","Dimensão 4: Comunicação com a Sociedade","A imagem da Unioeste é divulgada de forma ética e coerente, alinhada com a missão institucional.","A imagem da Unioeste é divulgada de forma ética e coerente, alinhada com a missão institucional.","Likert",TRUE
"Q5","HUOP","E3D9P52","E3D9P52",52,"Eixo 3","E3","EIXO 3 – POLÍTICAS ACADÊMICAS","D9","Dimensão 9: Atendimento ao Estudante","O HUOP possui políticas claras de atendimento e suporte a seus profissionais.","O HUOP possui políticas claras de atendimento e suporte a seus profissionais.","Likert",TRUE
"Q5","HUOP","E3D9P53","E3D9P53",53,"Eixo 3","E3","EIXO 3 – POLÍTICAS ACADÊMICAS","D9","Dimensão 9: Atendimento ao Estudante","As condições de trabalho permitem o desempenho adequado das atividades assistenciais.","As condições de trabalho permitem o desempenho adequado das atividades assistenciais.","Likert",TRUE
"Q5","HUOP","E3D9P54","E3D9P54",54,"Eixo 3","E3","EIXO 3 – POLÍTICAS ACADÊMICAS","D9","Dimensão 9: Atendimento ao Estudante","Há acompanhamento institucional aos profissionais em situação de vulnerabilidade ou dificuldade.","Há acompanhamento institucional aos profissionais em situação de vulnerabilidade ou dificuldade.","Likert",TRUE
"Q5","HUOP","E3D9P55","E3D9P55",55,"Eixo 3","E3","EIXO 3 – POLÍTICAS ACADÊMICAS","D9","Dimensão 9: Atendimento ao Estudante","Os estudantes recebem suporte pedagógico e administrativo adequado durante suas atividades no HUOP.","Os estudantes recebem suporte pedagógico e administrativo adequado durante suas atividades no HUOP.","Likert",TRUE
"Q5","HUOP","E3D9P56","E3D9P56",56,"Eixo 3","E3","EIXO 3 – POLÍTICAS ACADÊMICAS","D9","Dimensão 9: Atendimento ao Estudante","Há acompanhamento institucional aos estudantes com baixo desempenho ou dificuldades de aprendizagem.","Há acompanhamento institucional aos estudantes com baixo desempenho ou dificuldades de aprendizagem.","Likert",TRUE
"Q5","HUOP","E3D9P57","E3D9P57",57,"Eixo 3","E3","EIXO 3 – POLÍTICAS ACADÊMICAS","D9","Dimensão 9: Atendimento ao Estudante","Há canais de escuta e acolhimento acessíveis para relatar suas dificuldades.","Há canais de escuta e acolhimento acessíveis para relatar suas dificuldades.","Likert",TRUE
"Q5","HUOP","E3D9P58","E3D9P58",58,"Eixo 3","E3","EIXO 3 – POLÍTICAS ACADÊMICAS","D9","Dimensão 9: Atendimento ao Estudante","Os estudantes e demais profissionais, são orientados sobre normas, regulamentos e trâmites acadêmicos/institucionais desde seu ingresso.","Os estudantes e demais profissionais, são orientados sobre normas, regulamentos e trâmites acadêmicos/institucionais desde seu ingresso.","Likert",TRUE
"Q5","HUOP","E4D5P60","E4D5P60",60,"Eixo 4","E4","EIXO 4 – POLÍTICAS DE GESTÃO","D5","Dimensão 5: Políticas de Pessoal","O HUOP oferece oportunidades de desenvolvimento profissional contínuo.","O HUOP oferece oportunidades de desenvolvimento profissional contínuo.","Likert",TRUE
"Q5","HUOP","E4D5P61","E4D5P61",61,"Eixo 4","E4","EIXO 4 – POLÍTICAS DE GESTÃO","D5","Dimensão 5: Políticas de Pessoal","As políticas de capacitação e acompanhamento do trabalho docente e assistencial estão alinhadas à legislação.","As políticas de capacitação e acompanhamento do trabalho docente e assistencial estão alinhadas à legislação.","Likert",TRUE
"Q5","HUOP","E4D5P62","E4D5P62",62,"Eixo 4","E4","EIXO 4 – POLÍTICAS DE GESTÃO","D5","Dimensão 5: Políticas de Pessoal","Há reconhecimento e valorização dos profissionais do HUOP.","Há reconhecimento e valorização dos profissionais do HUOP.","Likert",TRUE
"Q5","HUOP","E4D5P63","E4D5P63",63,"Eixo 4","E4","EIXO 4 – POLÍTICAS DE GESTÃO","D5","Dimensão 5: Políticas de Pessoal","Os setores administrativos atuam de forma articulada, contribuindo para o bom funcionamento institucional.","Os setores administrativos atuam de forma articulada, contribuindo para o bom funcionamento institucional.","Likert",TRUE
"Q5","HUOP","E4D5P64","E4D5P64",64,"Eixo 4","E4","EIXO 4 – POLÍTICAS DE GESTÃO","D5","Dimensão 5: Políticas de Pessoal","A organização interna favorece o trabalho integrado entre os cursos, centros, campus e reitoria.","A organização interna favorece o trabalho integrado entre os cursos, centros, campus e reitoria.","Likert",TRUE
"Q5","HUOP","E4D5P65","E4D5P65",65,"Eixo 4","E4","EIXO 4 – POLÍTICAS DE GESTÃO","D5","Dimensão 5: Políticas de Pessoal","As informações institucionais são de fácil acesso para a comunidade acadêmica.","As informações institucionais são de fácil acesso para a comunidade acadêmica.","Likert",TRUE
"Q5","HUOP","E4D6P67","E4D6P67",67,"Eixo 4","E4","EIXO 4 – POLÍTICAS DE GESTÃO","D6","Dimensão 6: Organização e Gestão da Instituição","A gestão do HUOP promove um ambiente de trabalho saudável, colaborativo e respeitoso.","A gestão do HUOP promove um ambiente de trabalho saudável, colaborativo e respeitoso.","Likert",TRUE
"Q5","HUOP","E4D6P68","E4D6P68",68,"Eixo 4","E4","EIXO 4 – POLÍTICAS DE GESTÃO","D6","Dimensão 6: Organização e Gestão da Instituição","A gestão institucional está alinhada às diretrizes e ações previstas no Plano de Desenvolvimento Institucional (PDI).","A gestão institucional está alinhada às diretrizes e ações previstas no Plano de Desenvolvimento Institucional.","Likert",TRUE
"Q5","HUOP","E4D6P69","E4D6P69",69,"Eixo 4","E4","EIXO 4 – POLÍTICAS DE GESTÃO","D6","Dimensão 6: Organização e Gestão da Instituição","A distribuição de tarefas é compatível com a carga horária e responsabilidades dos profissionais.","A distribuição de tarefas é compatível com a carga horária e responsabilidades dos profissionais.","Likert",TRUE
"Q5","HUOP","E4D6P70","E4D6P70",70,"Eixo 4","E4","EIXO 4 – POLÍTICAS DE GESTÃO","D6","Dimensão 6: Organização e Gestão da Instituição","A política de gestão de pessoal da instituição é transparente e de conhecimento dos servidores (docentes/ agentes universitários).","A política de gestão de pessoal da instituição é transparente e de conhecimento dos servidores.","Likert",TRUE
"Q5","HUOP","E4D6P71","E4D6P71",71,"Eixo 4","E4","EIXO 4 – POLÍTICAS DE GESTÃO","D6","Dimensão 6: Organização e Gestão da Instituição","Os processos de avaliação de desempenho (docentes/ agentes universitários), vinculados ao plano de carreira, são claros, objetivos e realizados de forma regular.","Os processos de avaliação de desempenho, vinculados ao plano de carreira, são claros, objetivos e realizados de forma regular.","Likert",TRUE
"Q5","HUOP","E4D6P72","E4D6P72",72,"Eixo 4","E4","EIXO 4 – POLÍTICAS DE GESTÃO","D6","Dimensão 6: Organização e Gestão da Instituição","A instituição oferece oportunidades de capacitação e desenvolvimento profissional para docentes e/ou agentes universitários.","A instituição oferece oportunidades de capacitação e desenvolvimento profissional para docentes e/ou agentes universitários.","Likert",TRUE
"Q5","HUOP","E4D6P73","E4D6P73",73,"Eixo 4","E4","EIXO 4 – POLÍTICAS DE GESTÃO","D6","Dimensão 6: Organização e Gestão da Instituição","Sinto-me estimulado a participar de cursos, eventos e formação continuada promovidos ou apoiados pela UNIOESTE.","Sinto-me estimulado a participar de cursos, eventos e formação continuada promovidos ou apoiados pela UNIOESTE.","Likert",TRUE
"Q5","HUOP","E4D6P74","E4D6P74",74,"Eixo 4","E4","EIXO 4 – POLÍTICAS DE GESTÃO","D6","Dimensão 6: Organização e Gestão da Instituição","A distribuição de atividades didático-pedagógicas e administrativas respeita a carga horária e a complexidade das tarefas.","A distribuição de atividades didático-pedagógicas e administrativas respeita a carga horária e a complexidade das tarefas.","Likert",TRUE
"Q5","HUOP","E4D6P75","E4D6P75",75,"Eixo 4","E4","EIXO 4 – POLÍTICAS DE GESTÃO","D6","Dimensão 6: Organização e Gestão da Instituição","A gestão institucional, dentro de suas esferas (colegiados, centros, campi, reitoria e HUOP), promove um ambiente de trabalho saudável, colaborativo e respeitoso.","A gestão institucional, dentro de suas esferas, promove um ambiente de trabalho saudável, colaborativo e respeitoso.","Likert",TRUE
"Q5","HUOP","E4D10P77","E4D10P77",77,"Eixo 4","E4","EIXO 4 – POLÍTICAS DE GESTÃO","D10","Dimensão 10: Sustentabilidade Financeira","O HUOP utiliza os recursos financeiros de forma eficiente para manutenção e melhorias.","O HUOP utiliza os recursos financeiros de forma eficiente para manutenção e melhorias.","Likert",TRUE
"Q5","HUOP","E4D10P78","E4D10P78",78,"Eixo 4","E4","EIXO 4 – POLÍTICAS DE GESTÃO","D10","Dimensão 10: Sustentabilidade Financeira","Há transparência nas alternativas de captação de recursos (parcerias, convênios, editais).","Há transparência nas alternativas de captação de recursos.","Likert",TRUE
"Q5","HUOP","E4D10P79","E4D10P79",79,"Eixo 4","E4","EIXO 4 – POLÍTICAS DE GESTÃO","D10","Dimensão 10: Sustentabilidade Financeira","A instituição apresenta coerência entre o Plano de Desenvolvimento Institucional (PDI), a captação de recursos e o orçamento previsto.","A instituição apresenta coerência entre o Plano de Desenvolvimento Institucional, a captação de recursos e o orçamento previsto.","Likert",TRUE
"Q5","HUOP","E4D10P80","E4D10P80",80,"Eixo 4","E4","EIXO 4 – POLÍTICAS DE GESTÃO","D10","Dimensão 10: Sustentabilidade Financeira","Há compatibilidade entre os cursos oferecidos e os recursos disponíveis, bem como controle adequado das despesas (correntes, de capital e de investimento).","Há compatibilidade entre os cursos oferecidos e os recursos disponíveis, bem como controle adequado das despesas.","Likert",TRUE
"Q5","HUOP","E4D10P81","E4D10P81",81,"Eixo 4","E4","EIXO 4 – POLÍTICAS DE GESTÃO","D10","Dimensão 10: Sustentabilidade Financeira","A instituição busca alternativas de captação de recursos (editais, parcerias, convênios).","A instituição busca alternativas de captação de recursos.","Likert",TRUE
"Q5","HUOP","E4D10P82","E4D10P82",82,"Eixo 4","E4","EIXO 4 – POLÍTICAS DE GESTÃO","D10","Dimensão 10: Sustentabilidade Financeira","A instituição divulga as alternativas de captação de recursos (editais, parcerias, convênios).","A instituição divulga as alternativas de captação de recursos.","Likert",TRUE
"Q5","HUOP","E4D10P83","E4D10P83",83,"Eixo 4","E4","EIXO 4 – POLÍTICAS DE GESTÃO","D10","Dimensão 10: Sustentabilidade Financeira","A gestão orçamentária das Unidades gestoras (Reitoria, Campi - centros e cursos e HUOP)  contribui para a manutenção e melhoria da infraestrutura física e tecnológica.","A gestão orçamentária das Unidades gestoras contribui para a manutenção e melhoria da infraestrutura física e tecnológica.","Likert",TRUE
"Q5","HUOP","E4D10P84","E4D10P84",84,"Eixo 4","E4","EIXO 4 – POLÍTICAS DE GESTÃO","D10","Dimensão 10: Sustentabilidade Financeira","Os recursos financeiros disponíveis são utilizados de forma eficiente para atender as demandas das Unidades gestoras (Reitoria, Campi – centros, cursos e HUOP) no âmbito do ensino, da pesquisa e da extensão","Os recursos financeiros disponíveis são utilizados de forma eficiente para atender as demandas das Unidades gestoras no âmbito do ensino, da...","Likert",TRUE
"Q5","HUOP","E4D10P85","E4D10P85",85,"Eixo 4","E4","EIXO 4 – POLÍTICAS DE GESTÃO","D10","Dimensão 10: Sustentabilidade Financeira","Existe equilíbrio entre os recursos disponíveis e as metas institucionais estabelecidas no Plano de Desenvolvimento Institucional (PDI).","Existe equilíbrio entre os recursos disponíveis e as metas institucionais estabelecidas no Plano de Desenvolvimento Institucional.","Likert",TRUE
"Q5","HUOP","E4D10P86","E4D10P86",86,"Eixo 4","E4","EIXO 4 – POLÍTICAS DE GESTÃO","D10","Dimensão 10: Sustentabilidade Financeira","As atividades de ensino, pesquisa e extensão recebem apoio financeiro para sua realização.","As atividades de ensino, pesquisa e extensão recebem apoio financeiro para sua realização.","Likert",TRUE
"Q5","HUOP","E5D7P88","E5D7P88",88,"Eixo 5","E5","EIXO 5 – INFRAESTRUTURA FÍSICA","D7","Dimensão 7: Infraestrutura Física","Os ambientes assistenciais (ambulatórios, UTIs, enfermarias) são adequados e funcionais.","Os ambientes assistenciais são adequados e funcionais.","Likert",TRUE
"Q5","HUOP","E5D7P89","E5D7P89",89,"Eixo 5","E5","EIXO 5 – INFRAESTRUTURA FÍSICA","D7","Dimensão 7: Infraestrutura Física","A manutenção de equipamentos médicos e tecnológicos é eficiente.","A manutenção de equipamentos médicos e tecnológicos é eficiente.","Likert",TRUE
"Q5","HUOP","E5D7P90","E5D7P90",90,"Eixo 5","E5","EIXO 5 – INFRAESTRUTURA FÍSICA","D7","Dimensão 7: Infraestrutura Física","Os auditórios da instituição são adequados em quantidade e qualidade para atender às demandas de eventos acadêmicos e institucionais.","Os auditórios da instituição são adequados em quantidade e qualidade para atender às demandas de eventos acadêmicos e institucionais.","Likert",TRUE
"Q5","HUOP","E5D7P91","E5D7P91",91,"Eixo 5","E5","EIXO 5 – INFRAESTRUTURA FÍSICA","D7","Dimensão 7: Infraestrutura Física","Os laboratórios e espaços de ensino prático estão adequados e bem equipados.","Os laboratórios e espaços de ensino prático estão adequados e bem equipados.","Likert",TRUE
"Q5","HUOP","E5D7P92","E5D7P92",92,"Eixo 5","E5","EIXO 5 – INFRAESTRUTURA FÍSICA","D7","Dimensão 7: Infraestrutura Física","As salas de aula estão adequadamente equipadas (mobiliário, iluminação, ventilação, acústica).","As salas de aula estão adequadamente equipadas.","Likert",TRUE
"Q5","HUOP","E5D7P93","E5D7P93",93,"Eixo 5","E5","EIXO 5 – INFRAESTRUTURA FÍSICA","D7","Dimensão 7: Infraestrutura Física","Os recursos tecnológicos disponíveis nas salas (projetores, computadores, internet) são suficientes e funcionam adequadamente.","Os recursos tecnológicos disponíveis nas salas são suficientes e funcionam adequadamente.","Likert",TRUE
"Q5","HUOP","E5D7P94","E5D7P94",94,"Eixo 5","E5","EIXO 5 – INFRAESTRUTURA FÍSICA","D7","Dimensão 7: Infraestrutura Física","A quantidade de salas de aula é compatível com a demanda de cursos e turmas.","A quantidade de salas de aula é compatível com a demanda de cursos e turmas.","Likert",TRUE
"Q5","HUOP","E5D7P95","E5D7P95",95,"Eixo 5","E5","EIXO 5 – INFRAESTRUTURA FÍSICA","D7","Dimensão 7: Infraestrutura Física","Os serviços de saúde e bem-estar para profissionais e estudantes estão disponíveis e adequados.","Os serviços de saúde e bem-estar para profissionais e estudantes estão disponíveis e adequados.","Likert",TRUE
"Q5","HUOP","E5D7P96","E5D7P96",96,"Eixo 5","E5","EIXO 5 – INFRAESTRUTURA FÍSICA","D7","Dimensão 7: Infraestrutura Física","Os espaços de convivência, alimentação e descanso são suficientes e acolhedores.","Os espaços de convivência, alimentação e descanso são suficientes e acolhedores.","Likert",TRUE
"Q5","HUOP","E5D7P97","E5D7P97",97,"Eixo 5","E5","EIXO 5 – INFRAESTRUTURA FÍSICA","D7","Dimensão 7: Infraestrutura Física","Há acessibilidade e segurança nos ambientes do HUOP.","Há acessibilidade e segurança nos ambientes do HUOP.","Likert",TRUE
"Q5","HUOP","E5D7P98","E5D7P98",98,"Eixo 5","E5","EIXO 5 – INFRAESTRUTURA FÍSICA","D7","Dimensão 7: Infraestrutura Física","Os laboratórios estão equipados adequadamente para a realização de atividades práticas.","Os laboratórios estão equipados adequadamente para a realização de atividades práticas.","Likert",TRUE
"Q5","HUOP","E5D7P99","E5D7P99",99,"Eixo 5","E5","EIXO 5 – INFRAESTRUTURA FÍSICA","D7","Dimensão 7: Infraestrutura Física","A manutenção dos equipamentos laboratoriais é feita de forma eficiente.","A manutenção dos equipamentos laboratoriais é feita de forma eficiente.","Likert",TRUE
"Q5","HUOP","E5D7P100","E5D7P100",100,"Eixo 5","E5","EIXO 5 – INFRAESTRUTURA FÍSICA","D7","Dimensão 7: Infraestrutura Física","Os laboratórios atendem à demanda de uso dos estudantes e professores.","Os laboratórios atendem à demanda de uso dos estudantes e professores.","Likert",TRUE
"Q5","HUOP","E5D7P101","E5D7P101",101,"Eixo 5","E5","EIXO 5 – INFRAESTRUTURA FÍSICA","D7","Dimensão 7: Infraestrutura Física","Os ambientes virtuais de aprendizagem (Teams, Moodle, entre outros) e sistemas acadêmicos funcionam de forma eficiente.","Os ambientes virtuais de aprendizagem e sistemas acadêmicos funcionam de forma eficiente.","Likert",TRUE
"Q5","HUOP","E5D7P102","E5D7P102",102,"Eixo 5","E5","EIXO 5 – INFRAESTRUTURA FÍSICA","D7","Dimensão 7: Infraestrutura Física","Há suporte técnico e treinamento adequado para o uso das plataformas digitais.","Há suporte técnico e treinamento adequado para o uso das plataformas digitais.","Likert",TRUE
"Q5","HUOP","E5D7P103","E5D7P103",103,"Eixo 5","E5","EIXO 5 – INFRAESTRUTURA FÍSICA","D7","Dimensão 7: Infraestrutura Física","A infraestrutura de internet (Wi-Fi, rede cabeada) atende adequadamente a comunidade acadêmica.","A infraestrutura de internet atende adequadamente a comunidade acadêmica.","Likert",TRUE
"Q5","HUOP","E5D7P104","E5D7P104",104,"Eixo 5","E5","EIXO 5 – INFRAESTRUTURA FÍSICA","D7","Dimensão 7: Infraestrutura Física","Os espaços destinados às atividades administrativas são adequados e funcionais.","Os espaços destinados às atividades administrativas são adequados e funcionais.","Likert",TRUE
"Q5","HUOP","E5D7P105","E5D7P105",105,"Eixo 5","E5","EIXO 5 – INFRAESTRUTURA FÍSICA","D7","Dimensão 7: Infraestrutura Física","A sinalização dos ambientes institucionais facilita a circulação e localização.","A sinalização dos ambientes institucionais facilita a circulação e localização.","Likert",TRUE
"Q5","HUOP","E5D7P106","E5D7P106",106,"Eixo 5","E5","EIXO 5 – INFRAESTRUTURA FÍSICA","D7","Dimensão 7: Infraestrutura Física","Há acessibilidade física nos ambientes da instituição (rampas, elevadores, banheiros adaptados, entre outros).","Há acessibilidade física nos ambientes da instituição.","Likert",TRUE
"Q5","HUOP","E5D7P107","E5D7P107",107,"Eixo 5","E5","EIXO 5 – INFRAESTRUTURA FÍSICA","D7","Dimensão 7: Infraestrutura Física","A instituição adota práticas sustentáveis na infraestrutura hospitalar.","A instituição adota práticas sustentáveis na infraestrutura hospitalar.","Likert",TRUE
"Q5","HUOP","E5D7P108","E5D7P108",108,"Eixo 5","E5","EIXO 5 – INFRAESTRUTURA FÍSICA","D7","Dimensão 7: Infraestrutura Física","Os serviços de alimentação (restaurante universitário e/ou cantina) são suficientes e de qualidade.","Os serviços de alimentação são suficientes e de qualidade.","Likert",TRUE
"Q5","HUOP","E5D7P109","E5D7P109",109,"Eixo 5","E5","EIXO 5 – INFRAESTRUTURA FÍSICA","D7","Dimensão 7: Infraestrutura Física","A infraestrutura dos serviços de saúde (ambulatórios, atendimento psicológico, entre outros) atende às necessidades da comunidade acadêmica.","A infraestrutura dos serviços de saúde atende às necessidades da comunidade acadêmica.","Likert",TRUE
"Q5","HUOP","E5D7P110","E5D7P110",110,"Eixo 5","E5","EIXO 5 – INFRAESTRUTURA FÍSICA","D7","Dimensão 7: Infraestrutura Física","Os ambientes da instituição são limpos e bem conservados.","Os ambientes da instituição são limpos e bem conservados.","Likert",TRUE
"Q5","HUOP","E5D7P111","E5D7P111",111,"Eixo 5","E5","EIXO 5 – INFRAESTRUTURA FÍSICA","D7","Dimensão 7: Infraestrutura Física","A manutenção predial (elétrica, hidráulica, aberturas - janelas e portas) está adequada para o desenvolvimento das ações pedagógicas e administrativas","A manutenção predial está adequada para o desenvolvimento das ações pedagógicas e administrativas","Likert",TRUE
"Q5","HUOP","E5D7P112","E5D7P112",112,"Eixo 5","E5","EIXO 5 – INFRAESTRUTURA FÍSICA","D7","Dimensão 7: Infraestrutura Física","A manutenção predial (pintura) está adequada para o desenvolvimento das ações pedagógicas e administrativas.","A manutenção predial está adequada para o desenvolvimento das ações pedagógicas e administrativas.","Likert",TRUE
"Q5","HUOP","E5D7P113","E5D7P113",113,"Eixo 5","E5","EIXO 5 – INFRAESTRUTURA FÍSICA","D7","Dimensão 7: Infraestrutura Física","Os serviços de segurança patrimonial e vigilância garantem tranquilidade à comunidade.","Os serviços de segurança patrimonial e vigilância garantem tranquilidade à comunidade.","Likert",TRUE
"Q5","HUOP","E5D7P114","E5D7P114",114,"Eixo 5","E5","EIXO 5 – INFRAESTRUTURA FÍSICA","D7","Dimensão 7: Infraestrutura Física","O HUOP adota práticas sustentáveis (uso racional de energia, coleta seletiva, reaproveitamento de água).","O HUOP adota práticas sustentáveis.","Likert",TRUE
"Q5","HUOP","E5D7P115","E5D7P115",115,"Eixo 5","E5","EIXO 5 – INFRAESTRUTURA FÍSICA","D7","Dimensão 7: Infraestrutura Física","Os ambientes físicos são acessíveis a pessoas com deficiência ou mobilidade reduzida.","Os ambientes físicos são acessíveis a pessoas com deficiência ou mobilidade reduzida.","Likert",TRUE
"Q5","HUOP","E5D11P117","E5D11P117",117,"Eixo 5","E6","Eixo 6 – Políticas de Gestão de Pessoal e Desenvolvimento Humano","D11","Dimensão 11: Políticas de Gestão de Pessoal e Desenvolvimento Humano","O meu ambiente de trabalho proporciona um clima organizacional agradável","O meu ambiente de trabalho proporciona um clima organizacional agradável","Likert",TRUE
"Q5","HUOP","E5D11P118","E5D11P118",118,"Eixo 5","E6","Eixo 6 – Políticas de Gestão de Pessoal e Desenvolvimento Humano","D11","Dimensão 11: Políticas de Gestão de Pessoal e Desenvolvimento Humano","Me sinto satisfeito em trabalhar na UNIOESTE","Me sinto satisfeito em trabalhar na UNIOESTE","Likert",TRUE
"Q5","HUOP","E5D11P119","E5D11P119",119,"Eixo 5","E6","Eixo 6 – Políticas de Gestão de Pessoal e Desenvolvimento Humano","D11","Dimensão 11: Políticas de Gestão de Pessoal e Desenvolvimento Humano","Consigo equilibrar minha vida pessoal e profissional","Consigo equilibrar minha vida pessoal e profissional","Likert",TRUE
"Q5","HUOP","E5D11P120","E5D11P120",120,"Eixo 5","E6","Eixo 6 – Políticas de Gestão de Pessoal e Desenvolvimento Humano","D11","Dimensão 11: Políticas de Gestão de Pessoal e Desenvolvimento Humano","O ambiente onde trabalho permite expressão de diferenças religiosas, étnicas, políticas, de gênero e a pluralidade de ideias","O ambiente onde trabalho permite expressão de diferenças religiosas, étnicas, políticas, de gênero e a pluralidade de ideias","Likert",TRUE
"Q5","HUOP","E5D11P121","E5D11P121",121,"Eixo 5","E6","Eixo 6 – Políticas de Gestão de Pessoal e Desenvolvimento Humano","D11","Dimensão 11: Políticas de Gestão de Pessoal e Desenvolvimento Humano","As relações de trabalho afetam minha saúde mental","As relações de trabalho afetam minha saúde mental","Likert",TRUE
"Q5","HUOP","E5D11P122","E5D11P122",122,"Eixo 5","E6","Eixo 6 – Políticas de Gestão de Pessoal e Desenvolvimento Humano","D11","Dimensão 11: Políticas de Gestão de Pessoal e Desenvolvimento Humano","Me considero uma pessoa fisicamente saudável","Me considero uma pessoa fisicamente saudável","Likert",TRUE
"Q5","HUOP","E5D11P123","E5D11P123",123,"Eixo 5","E6","Eixo 6 – Políticas de Gestão de Pessoal e Desenvolvimento Humano","D11","Dimensão 11: Políticas de Gestão de Pessoal e Desenvolvimento Humano","Sofri assédio moral por parte de colegas ou chefes","Sofri assédio moral por parte de colegas ou chefes","Likert",TRUE
"Q5","HUOP","E5D11P124","E5D11P124",124,"Eixo 5","E6","Eixo 6 – Políticas de Gestão de Pessoal e Desenvolvimento Humano","D11","Dimensão 11: Políticas de Gestão de Pessoal e Desenvolvimento Humano","O HUOP oferece suporte pedagógico, administrativo e tecnológico adequado para o desempenho das funções.","O HUOP oferece suporte pedagógico, administrativo e tecnológico adequado para o desempenho das funções.","Likert",TRUE
"Q5","HUOP","E5D11P125","E5D11P125",125,"Eixo 5","E6","Eixo 6 – Políticas de Gestão de Pessoal e Desenvolvimento Humano","D11","Dimensão 11: Políticas de Gestão de Pessoal e Desenvolvimento Humano","Recebo suporte administrativo e de gestão, por parte da instituição, para o desenvolvimento de minhas atividades","Recebo suporte administrativo e de gestão, por parte da instituição, para o desenvolvimento de minhas atividades","Likert",TRUE
"Q5","HUOP","E5D11P126","E5D11P126",126,"Eixo 5","E6","Eixo 6 – Políticas de Gestão de Pessoal e Desenvolvimento Humano","D11","Dimensão 11: Políticas de Gestão de Pessoal e Desenvolvimento Humano","Recebo feedbacks (retornos) de meu desempenho por parte de meu(s) superior(es)","Recebo feedbacks de meu desempenho por parte de meu superior","Likert",TRUE
"Q5","HUOP","E5D11P127","E5D11P127",127,"Eixo 5","E6","Eixo 6 – Políticas de Gestão de Pessoal e Desenvolvimento Humano","D11","Dimensão 11: Políticas de Gestão de Pessoal e Desenvolvimento Humano","O investimento em tecnologias é adequado para o desenvolvimento de meu trabalho","O investimento em tecnologias é adequado para o desenvolvimento de meu trabalho","Likert",TRUE
"Q5","HUOP","E5D11P128","E5D11P128",128,"Eixo 5","E6","Eixo 6 – Políticas de Gestão de Pessoal e Desenvolvimento Humano","D11","Dimensão 11: Políticas de Gestão de Pessoal e Desenvolvimento Humano","A carga horária e as atribuições são compatíveis e permitem realizar um bom trabalho","A carga horária e as atribuições são compatíveis e permitem realizar um bom trabalho","Likert",TRUE
"Q5","HUOP","E5D11P129","E5D11P129",129,"Eixo 5","E6","Eixo 6 – Políticas de Gestão de Pessoal e Desenvolvimento Humano","D11","Dimensão 11: Políticas de Gestão de Pessoal e Desenvolvimento Humano","Disponho de equipamentos de segurança (Equipamentos de proteção individual – EPI’s – jaleco, máscaras, luvas, etc.) necessários para o desenvolvimento de minhas atividades e/ou Ergonomia.","Disponho de equipamentos de segurança necessários para o desenvolvimento de minhas atividades e/ou Ergonomia.","Likert",TRUE
"Q5","HUOP","E5D11P131","E5D11P131",131,"Eixo 5","E6","Eixo 6 – Políticas de Gestão de Pessoal e Desenvolvimento Humano","D11","Dimensão 11: Políticas de Gestão de Pessoal e Desenvolvimento Humano","QUALIDADE GERAL DA UNIOESTE para o ensino, pesquisa e extensão é excelente.","QUALIDADE GERAL DA UNIOESTE para o ensino, pesquisa e extensão é excelente.","Likert",TRUE
"Q5","HUOP","E5D11P132","E5D11P132",132,"Eixo 5","E6","Eixo 6 – Políticas de Gestão de Pessoal e Desenvolvimento Humano","D11","Dimensão 11: Políticas de Gestão de Pessoal e Desenvolvimento Humano","A QUALIDADE GERAL DO MEU CURSO para o ensino, pesquisa e extensão é excelente.","A QUALIDADE GERAL DO MEU CURSO para o ensino, pesquisa e extensão é excelente.","Likert",TRUE
"Q5","HUOP",NA,"E1D8P10",10,"Eixo 1","E1","EIXO 1 – PLANEJAMENTO E AVALIAÇÃO INSTITUCIONAL","D8","Dimensão 8: Planejamento e Avaliação","Há efetiva participação dos profissionais assistenciais, docentes e administrativos do HUOP nos processos de avaliação institucional.","Há efetiva participação dos profissionais assistenciais, docentes e administrativos do HUOP nos processos de avaliação institucional.","Likert",FALSE
"Q5","HUOP",NA,"E1D8P11",11,"Eixo 1","E1","EIXO 1 – PLANEJAMENTO E AVALIAÇÃO INSTITUCIONAL","D8","Dimensão 8: Planejamento e Avaliação","Sugestões para melhoria do planejamento e avaliação no HUOP:","Sugestões para melhoria do planejamento e avaliação no HUOP:","Likert",FALSE
"Q5","HUOP",NA,"E2D1P18",18,"Eixo 2","E2","EIXO 2 – DESENVOLVIMENTO INSTITUCIONAL","D1","Dimensão 1: Missão e Plano de Desenvolvimento Institucional (PDI)","Sugestões para o alinhamento do HUOP com o PDI:","Sugestões para o alinhamento do HUOP com o PDI:","Likert",FALSE
"Q5","HUOP",NA,"E2D3P25",25,"Eixo 2","E2","EIXO 2 – DESENVOLVIMENTO INSTITUCIONAL","D3","Dimensão 3: Responsabilidade Social da Instituição","Sugestões para o fortalecimento da responsabilidade social do HUOP:","Sugestões para o fortalecimento da responsabilidade social do HUOP:","Likert",FALSE
"Q5","HUOP",NA,"E3D2P30",30,"Eixo 3","E3","EIXO 3 – POLÍTICAS ACADÊMICAS","D2","Dimensão 2: Políticas para o Ensino, a Pesquisa e a Extensão","Sugestões para melhoria do ensino no HUOP:","Sugestões para melhoria do ensino no HUOP:","Likert",FALSE
"Q5","HUOP",NA,"E3D2P36",36,"Eixo 3","E3","EIXO 3 – POLÍTICAS ACADÊMICAS","D2","Dimensão 2: Políticas para o Ensino, a Pesquisa e a Extensão","Sugestões para aprimorar a pesquisa no HUOP:","Sugestões para aprimorar a pesquisa no HUOP:","Likert",FALSE
"Q5","HUOP",NA,"E3D2P42",42,"Eixo 3","E3","EIXO 3 – POLÍTICAS ACADÊMICAS","D2","Dimensão 2: Políticas para o Ensino, a Pesquisa e a Extensão","Sugestões para a extensão e integração com a comunidade:","Sugestões para a extensão e integração com a comunidade:","Likert",FALSE
"Q5","HUOP",NA,"E3D4P51",51,"Eixo 3","E3","EIXO 3 – POLÍTICAS ACADÊMICAS","D4","Dimensão 4: Comunicação com a Sociedade","Sugestões para aprimorar a comunicação do HUOP:","Sugestões para aprimorar a comunicação do HUOP:","Likert",FALSE
"Q5","HUOP",NA,"E3D9P59",59,"Eixo 3","E3","EIXO 3 – POLÍTICAS ACADÊMICAS","D9","Dimensão 9: Atendimento ao Estudante","Sugestões para melhoria do atendimento aos profissionais e estudantes:","Sugestões para melhoria do atendimento aos profissionais e estudantes:","Likert",FALSE
"Q5","HUOP",NA,"E4D5P66",66,"Eixo 4","E4","EIXO 4 – POLÍTICAS DE GESTÃO","D5","Dimensão 5: Políticas de Pessoal","Descreva aqui suas sugestões para as Políticas de pessoal.","Descreva aqui suas sugestões para as Políticas de pessoal.","Texto (Aberto)",FALSE
"Q5","HUOP",NA,"E4D6P76",76,"Eixo 4","E4","EIXO 4 – POLÍTICAS DE GESTÃO","D6","Dimensão 6: Organização e Gestão da Instituição","Descreva aqui suas sugestões para as Políticas de gestão do HUOP:","Descreva aqui suas sugestões para as Políticas de gestão do HUOP:","Texto (Aberto)",FALSE
"Q5","HUOP",NA,"E4D10P87",87,"Eixo 4","E4","EIXO 4 – POLÍTICAS DE GESTÃO","D10","Dimensão 10: Sustentabilidade Financeira","Descreva aqui suas sugestões para a Sustentabilidade Financeira da UNIOESTE e do HUOP;","Descreva aqui suas sugestões para a Sustentabilidade Financeira da UNIOESTE e do HUOP;","Texto (Aberto)",FALSE
"Q5","HUOP",NA,"E5D7P116",116,"Eixo 5","E5","EIXO 5 – INFRAESTRUTURA FÍSICA","D7","Dimensão 7: Infraestrutura Física","Descreva aqui suas sugestões para a INFRAESTRUTURA do HUOP:","Descreva aqui suas sugestões para a INFRAESTRUTURA do HUOP:","Texto (Aberto)",FALSE
"Q5","HUOP",NA,"E5D11P130",130,"Eixo 5","E6","Eixo 6 – Políticas de Gestão de Pessoal e Desenvolvimento Humano","D11","Dimensão 11: Políticas de Gestão de Pessoal e Desenvolvimento Humano","Descreva aqui suas sugestões para aperfeiçoamento do ambiente de trabalho no HUOP:","Descreva aqui suas sugestões para aperfeiçoamento do ambiente de trabalho no HUOP:","Texto (Aberto)",FALSE
"Q6","Público Externo","ID","ID",NA,"Perfil / Demográfico","DEMO","Perfil do Respondente / Demografia","DEMO","Dados Demográficos","ID","ID","Demográfico",TRUE
"Q6","Público Externo","Informe a categoria pela qual você está respondendo este questionário, considerando sua vinculação com a Unioeste.","Informe a categoria pela qual você está respondendo este questionário, considerando sua vinculação com a Unioeste.",NA,"Perfil / Demográfico","DEMO","Perfil do Respondente / Demografia","DEMO","Dados Demográficos","Informe a categoria pela qual você está respondendo este questionário, considerando sua vinculação com a Unioeste.","Informe a categoria pela qual você está respondendo este questionário, considerando sua vinculação com a Unioeste.","Demográfico",TRUE
"Q6","Público Externo","Qual a sua cidade? ","Qual a sua cidade? ",NA,"Perfil / Demográfico","DEMO","Perfil do Respondente / Demografia","DEMO","Dados Demográficos","Qual a sua cidade? ","Qual a sua cidade? ","Demográfico",TRUE
"Q6","Público Externo","E1D8P3","E1D8P3",3,"Eixo 1","E1","EIXO 1 – PLANEJAMENTO E AVALIAÇÃO INSTITUCIONAL","D8","Dimensão 8: Planejamento e Avaliação","Descreva aqui suas sugestões para o planejamento e a avaliação institucional da UNIOESTE.","Descreva aqui suas sugestões para o planejamento e a avaliação institucional da UNIOESTE.","Texto (Aberto)",TRUE
"Q6","Público Externo","E2D1P4","E2D1P4",4,"Eixo 2","E2","EIXO 2 – DESENVOLVIMENTO INSTITUCIONAL","D1","Dimensão 1: Missão e Plano de Desenvolvimento Institucional (PDI)","A Unioeste deveria ofertar novos cursos de graduação.","A Unioeste deveria ofertar novos cursos de graduação.","Likert",TRUE
"Q6","Público Externo","E2D1P5","E2D1P5",5,"Eixo 2","E2","EIXO 2 – DESENVOLVIMENTO INSTITUCIONAL","D1","Dimensão 1: Missão e Plano de Desenvolvimento Institucional (PDI)","A Unioeste deveria ofertar novos cursos de pós-graduação.","A Unioeste deveria ofertar novos cursos de pós-graduação.","Likert",TRUE
"Q6","Público Externo","E2D3P7","E2D3P7",7,"Eixo 2","E2","EIXO 2 – DESENVOLVIMENTO INSTITUCIONAL","D3","Dimensão 3: Responsabilidade Social da Instituição","A Missão da UNIOESTE como instituição pública multicampi (de produzir, sistematizar e socializar o conhecimento, contribuir com o desenvolvimento humano, científico, tecnológico e regional, e comprometer-se com a justiça, a democracia, a cidadania e a responsabilidade social) está sendo cumprida.","A Missão da UNIOESTE como instituição pública multicampi está sendo cumprida.","Likert",TRUE
"Q6","Público Externo","E2D3P8","E2D3P8",8,"Eixo 2","E2","EIXO 2 – DESENVOLVIMENTO INSTITUCIONAL","D3","Dimensão 3: Responsabilidade Social da Instituição","A Visão da Universidade de ser referência como universidade pública na produção e socialização do conhecimento, comprometida com a formação de profissionais para atuar com base em princípios éticos para o exercício da cidadania, está sendo alcançada.","A Visão da Universidade de ser referência como universidade pública na produção e socialização do conhecimento, comprometida com a formação de...","Likert",TRUE
"Q6","Público Externo","E2D3P9","E2D3P9",9,"Eixo 2","E2","EIXO 2 – DESENVOLVIMENTO INSTITUCIONAL","D3","Dimensão 3: Responsabilidade Social da Instituição","As relações da UNIOESTE com os setores da sociedade, incluindo ações para o desenvolvimento socioeconômico e educacional, estão sendo implantadas e acompanhadas.","As relações da UNIOESTE com os setores da sociedade, incluindo ações para o desenvolvimento socioeconômico e educacional, estão sendo implantadas...","Likert",TRUE
"Q6","Público Externo","E3D4P11","E3D4P11",11,"Eixo 3","E3","EIXO 3 – POLÍTICAS ACADÊMICAS","D4","Dimensão 4: Comunicação com a Sociedade","As ações de comunicação com a sociedade praticadas pela UNIOESTE estão coerentes com o plano de desenvolvimento institucional (PDI).","As ações de comunicação com a sociedade praticadas pela UNIOESTE estão coerentes com o plano de desenvolvimento institucional.","Likert",TRUE
"Q6","Público Externo","E3D4P12","E3D4P12",12,"Eixo 3","E3","EIXO 3 – POLÍTICAS ACADÊMICAS","D4","Dimensão 4: Comunicação com a Sociedade","A comunicação institucional é acessível às comunidades interna e externa e possibilitam a divulgação das ações da UNIOESTE.","A comunicação institucional é acessível às comunidades interna e externa e possibilitam a divulgação das ações da UNIOESTE.","Likert",TRUE
"Q6","Público Externo","E3D4P13","E3D4P13",13,"Eixo 3","E3","EIXO 3 – POLÍTICAS ACADÊMICAS","D4","Dimensão 4: Comunicação com a Sociedade","A ouvidoria institucional atende adequadamente às demandas recebidas.","A ouvidoria institucional atende adequadamente às demandas recebidas.","Likert",TRUE
"Q6","Público Externo","E3D4P14","E3D4P14",14,"Eixo 3","E3","EIXO 3 – POLÍTICAS ACADÊMICAS","D4","Dimensão 4: Comunicação com a Sociedade","Os canais de comunicação institucionais permitem o diálogo e a escuta das demandas da comunidade externa (sociedade).","Os canais de comunicação institucionais permitem o diálogo e a escuta das demandas da comunidade externa.","Likert",TRUE
"Q6","Público Externo","E3D4P15","E3D4P15",15,"Eixo 3","E3","EIXO 3 – POLÍTICAS ACADÊMICAS","D4","Dimensão 4: Comunicação com a Sociedade","A Unioeste promove eventos e atividades de integração com a comunidade externa.","A Unioeste promove eventos e atividades de integração com a comunidade externa.","Likert",TRUE
"Q6","Público Externo","E3D4P16","E3D4P16",16,"Eixo 3","E3","EIXO 3 – POLÍTICAS ACADÊMICAS","D4","Dimensão 4: Comunicação com a Sociedade","Os resultados das ações de ensino, pesquisa e extensão são compartilhados com a comunidade externa.","Os resultados das ações de ensino, pesquisa e extensão são compartilhados com a comunidade externa.","Likert",TRUE
"Q6","Público Externo","E3D4P17","E3D4P17",17,"Eixo 3","E3","EIXO 3 – POLÍTICAS ACADÊMICAS","D4","Dimensão 4: Comunicação com a Sociedade","A instituição utiliza, de forma eficiente, as mídias digitais e redes sociais para divulgar suas ações para a comunidade externa.","A instituição utiliza, de forma eficiente, as mídias digitais e redes sociais para divulgar suas ações para a comunidade externa.","Likert",TRUE
"Q6","Público Externo","E3D4P18","E3D4P18",18,"Eixo 3","E3","EIXO 3 – POLÍTICAS ACADÊMICAS","D4","Dimensão 4: Comunicação com a Sociedade","A imagem da Unioeste é divulgada de forma ética e coerente, alinhada com a missão institucional.","A imagem da Unioeste é divulgada de forma ética e coerente, alinhada com a missão institucional.","Likert",TRUE
"Q6","Público Externo","E4D10P22","E4D10P22",22,"Eixo 4","E4","EIXO 4 – POLÍTICAS DE GESTÃO","D10","Dimensão 10: Sustentabilidade Financeira","Os recursos financeiros disponíveis são utilizados de forma eficiente para atender as demandas das Unidades gestoras (Reitoria, Campi – centros, cursos e HUOP) no âmbito do ensino, da pesquisa e da extensão","Os recursos financeiros disponíveis são utilizados de forma eficiente para atender as demandas das Unidades gestoras no âmbito do ensino, da...","Likert",TRUE
"Q6","Público Externo","E5D7P24","E5D7P24",24,"Eixo 5","E5","EIXO 5 – INFRAESTRUTURA FÍSICA","D7","Dimensão 7: Infraestrutura Física","Os auditórios da instituição são adequados em quantidade e qualidade para atender às demandas de eventos acadêmicos e institucionais.","Os auditórios da instituição são adequados em quantidade e qualidade para atender às demandas de eventos acadêmicos e institucionais.","Likert",TRUE
"Q6","Público Externo","E5D7P25","E5D7P25",25,"Eixo 5","E5","EIXO 5 – INFRAESTRUTURA FÍSICA","D7","Dimensão 7: Infraestrutura Física","A sinalização dos ambientes institucionais facilita a circulação e localização.","A sinalização dos ambientes institucionais facilita a circulação e localização.","Likert",TRUE
"Q6","Público Externo","E5D7P26","E5D7P26",26,"Eixo 5","E5","EIXO 5 – INFRAESTRUTURA FÍSICA","D7","Dimensão 7: Infraestrutura Física","Há acessibilidade física nos ambientes da instituição (rampas, elevadores, banheiros adaptados, entre outros).","Há acessibilidade física nos ambientes da instituição.","Likert",TRUE
"Q6","Público Externo","E5D7P27","E5D7P27",27,"Eixo 5","E5","EIXO 5 – INFRAESTRUTURA FÍSICA","D7","Dimensão 7: Infraestrutura Física","Os ambientes da instituição são limpos e bem conservados.","Os ambientes da instituição são limpos e bem conservados.","Likert",TRUE
"Q6","Público Externo","E5D7P29","E5D7P29",29,"Eixo 5","E5","EIXO 5 – INFRAESTRUTURA FÍSICA","D7","Dimensão 7: Infraestrutura Física","QUALIDADE GERAL DA UNIOESTE para o ensino, pesquisa e extensão é excelente.","QUALIDADE GERAL DA UNIOESTE para o ensino, pesquisa e extensão é excelente.","Likert",TRUE
"Q6","Público Externo","E5D7P30","E5D7P30",30,"Eixo 5","E5","EIXO 5 – INFRAESTRUTURA FÍSICA","D7","Dimensão 7: Infraestrutura Física","A QUALIDADE GERAL DO MEU CURSO para o ensino, pesquisa e extensão é excelente.","A QUALIDADE GERAL DO MEU CURSO para o ensino, pesquisa e extensão é excelente.","Likert",TRUE
"Q6","Público Externo",NA,"E2D1P6",6,"Eixo 2","E2","EIXO 2 – DESENVOLVIMENTO INSTITUCIONAL","D1","Dimensão 1: Missão e Plano de Desenvolvimento Institucional (PDI)","Descreva aqui suas sugestões para o Plano de Desenvolvimento Institucional (PDI) da UNIOESTE.","Descreva aqui suas sugestões para o Plano de Desenvolvimento Institucional da UNIOESTE.","Texto (Aberto)",FALSE
"Q6","Público Externo",NA,"E2D3P10",10,"Eixo 2","E2","EIXO 2 – DESENVOLVIMENTO INSTITUCIONAL","D3","Dimensão 3: Responsabilidade Social da Instituição","Descreva aqui suas sugestões para a Responsabilidade Social da UNIOESTE.","Descreva aqui suas sugestões para a Responsabilidade Social da UNIOESTE.","Texto (Aberto)",FALSE
"Q6","Público Externo",NA,"E3D4P19",19,"Eixo 3","E3","EIXO 3 – POLÍTICAS ACADÊMICAS","D4","Dimensão 4: Comunicação com a Sociedade","Descreva aqui suas sugestões para a Comunicação com a comunidade externa (sociedade)","Descreva aqui suas sugestões para a Comunicação com a comunidade externa","Texto (Aberto)",FALSE
"Q6","Público Externo",NA,"E4D5P20",20,"Eixo 4","E4","EIXO 4 – POLÍTICAS DE GESTÃO","D5","Dimensão 5: Políticas de Pessoal","Descreva aqui suas sugestões para as Políticas de pessoal.","Descreva aqui suas sugestões para as Políticas de pessoal.","Texto (Aberto)",FALSE
"Q6","Público Externo",NA,"E4D6P21",21,"Eixo 4","E4","EIXO 4 – POLÍTICAS DE GESTÃO","D6","Dimensão 6: Organização e Gestão da Instituição","Descreva aqui suas sugestões para as Políticas de gestão","Descreva aqui suas sugestões para as Políticas de gestão","Texto (Aberto)",FALSE
"Q6","Público Externo",NA,"E4D10P23",23,"Eixo 4","E4","EIXO 4 – POLÍTICAS DE GESTÃO","D10","Dimensão 10: Sustentabilidade Financeira","Descreva aqui suas sugestões para a Sustentabilidade Financeira da UNIOESTE.","Descreva aqui suas sugestões para a Sustentabilidade Financeira da UNIOESTE.","Texto (Aberto)",FALSE
"Q6","Público Externo",NA,"E5D7P28",28,"Eixo 5","E5","EIXO 5 – INFRAESTRUTURA FÍSICA","D7","Dimensão 7: Infraestrutura Física","Descreva aqui suas sugestões para a INFRAESTRUTURA","Descreva aqui suas sugestões para a INFRAESTRUTURA","Texto (Aberto)",FALSE
